filename,true_label,source_original_pred,source_adv_pred,source_attack_success,tf2torch_inception_v3_pred,tf2torch_inception_v3_fooled,tf2torch_inception_v4_pred,tf2torch_inception_v4_fooled,tf2torch_resnet_v2_50_pred,tf2torch_resnet_v2_50_fooled,tf2torch_resnet_v2_101_pred,tf2torch_resnet_v2_101_fooled,tf2torch_resnet_v2_152_pred,tf2torch_resnet_v2_152_fooled,tf2torch_inc_res_v2_pred,tf2torch_inc_res_v2_fooled,tf2torch_ens3_adv_inc_v3_pred,tf2torch_ens3_adv_inc_v3_fooled,tf2torch_ens4_adv_inc_v3_pred,tf2torch_ens4_adv_inc_v3_fooled,tf2torch_ens_adv_inc_res_v2_pred,tf2torch_ens_adv_inc_res_v2_fooled
ILSVRC2012_val_00018317.png,1,1,516,True,1,False,516,True,516,True,516,True,516,True,1,False,1,False,1,False,1,False
ILSVRC2012_val_00045761.png,2,2,110,True,2,False,2,False,2,False,328,True,2,False,2,False,2,False,2,False,2,False
ILSVRC2012_val_00020011.png,3,3,7,True,7,True,7,True,3,False,4,True,4,True,3,False,3,False,3,False,3,False
ILSVRC2012_val_00026001.png,4,4,5,True,5,True,4,False,5,True,5,True,5,True,5,True,4,False,4,False,4,False
ILSVRC2012_val_00035367.png,5,5,7,True,7,True,7,True,7,True,7,True,7,True,7,True,5,False,7,True,5,False
ILSVRC2012_val_00017440.png,6,6,722,True,6,False,6,False,6,False,6,False,6,False,6,False,6,False,6,False,6,False
ILSVRC2012_val_00026908.png,7,7,984,True,7,False,7,False,7,False,7,False,7,False,7,False,7,False,7,False,7,False
ILSVRC2012_val_00028221.png,8,8,9,True,8,False,8,False,8,False,8,False,8,False,8,False,8,False,8,False,8,False
ILSVRC2012_val_00026271.png,9,9,8,True,9,False,9,False,9,False,9,False,9,False,9,False,9,False,9,False,9,False
ILSVRC2012_val_00049090.png,10,10,10,False,10,False,10,False,10,False,10,False,10,False,10,False,10,False,10,False,10,False
ILSVRC2012_val_00037748.png,11,11,886,True,11,False,13,True,282,True,825,True,886,True,282,True,152,True,13,True,11,False
ILSVRC2012_val_00016252.png,12,12,982,True,12,False,12,False,12,False,12,False,12,False,12,False,12,False,12,False,12,False
ILSVRC2012_val_00020495.png,13,13,612,True,86,True,13,False,87,True,87,True,13,False,13,False,13,False,13,False,13,False
ILSVRC2012_val_00003116.png,14,14,110,True,14,False,14,False,14,False,14,False,14,False,14,False,14,False,14,False,14,False
ILSVRC2012_val_00027811.png,15,15,40,True,15,False,15,False,15,False,15,False,15,False,15,False,15,False,15,False,15,False
ILSVRC2012_val_00034482.png,16,16,53,True,16,False,16,False,16,False,16,False,16,False,16,False,16,False,16,False,16,False
ILSVRC2012_val_00042600.png,17,17,99,True,17,False,17,False,96,True,17,False,96,True,17,False,17,False,17,False,17,False
ILSVRC2012_val_00034144.png,18,18,384,True,18,False,18,False,18,False,18,False,18,False,18,False,18,False,18,False,18,False
ILSVRC2012_val_00041206.png,19,19,492,True,14,True,18,True,13,True,14,True,14,True,14,True,19,False,19,False,19,False
ILSVRC2012_val_00017017.png,20,20,97,True,20,False,20,False,20,False,20,False,20,False,20,False,20,False,20,False,20,False
ILSVRC2012_val_00024059.png,21,21,85,True,21,False,21,False,21,False,21,False,21,False,21,False,21,False,21,False,21,False
ILSVRC2012_val_00013393.png,22,22,24,True,24,True,24,True,24,True,24,True,24,True,24,True,22,False,22,False,22,False
ILSVRC2012_val_00040474.png,23,23,19,True,23,False,23,False,23,False,23,False,23,False,23,False,23,False,23,False,23,False
ILSVRC2012_val_00022165.png,24,24,22,True,24,False,24,False,24,False,24,False,24,False,24,False,52,True,24,False,24,False
ILSVRC2012_val_00000318.png,25,25,25,False,25,False,25,False,25,False,25,False,25,False,25,False,25,False,25,False,25,False
ILSVRC2012_val_00012588.png,26,26,62,True,26,False,26,False,120,True,26,False,26,False,26,False,26,False,26,False,26,False
ILSVRC2012_val_00007561.png,27,27,27,False,27,False,27,False,27,False,27,False,27,False,27,False,27,False,27,False,27,False
ILSVRC2012_val_00017185.png,28,28,40,True,27,True,28,False,28,False,27,True,27,True,28,False,28,False,28,False,28,False
ILSVRC2012_val_00027931.png,29,29,27,True,29,False,29,False,29,False,29,False,29,False,29,False,29,False,29,False,29,False
ILSVRC2012_val_00013940.png,30,30,974,True,86,True,9,True,510,True,30,False,30,False,83,True,30,False,30,False,30,False
ILSVRC2012_val_00028352.png,31,31,31,False,31,False,31,False,31,False,31,False,31,False,31,False,31,False,31,False,31,False
ILSVRC2012_val_00043303.png,32,32,314,True,32,False,32,False,32,False,32,False,32,False,32,False,32,False,32,False,32,False
ILSVRC2012_val_00011303.png,33,33,61,True,33,False,33,False,33,False,33,False,33,False,33,False,33,False,33,False,33,False
ILSVRC2012_val_00041641.png,34,34,111,True,34,False,34,False,34,False,34,False,34,False,34,False,34,False,34,False,34,False
ILSVRC2012_val_00044755.png,35,35,59,True,59,True,35,False,35,False,35,False,35,False,34,True,35,False,35,False,35,False
ILSVRC2012_val_00013394.png,36,36,38,True,37,True,36,False,36,False,36,False,36,False,36,False,36,False,36,False,36,False
ILSVRC2012_val_00034770.png,37,37,612,True,34,True,290,True,34,True,50,True,34,True,290,True,34,True,34,True,34,True
ILSVRC2012_val_00027858.png,38,38,36,True,38,False,38,False,38,False,38,False,38,False,38,False,38,False,38,False,38,False
ILSVRC2012_val_00026793.png,39,39,491,True,43,True,43,True,41,True,43,True,43,True,39,False,39,False,43,True,39,False
ILSVRC2012_val_00033058.png,40,40,110,True,40,False,40,False,40,False,40,False,40,False,40,False,40,False,40,False,40,False
ILSVRC2012_val_00044996.png,41,41,701,True,41,False,45,True,47,True,48,True,45,True,41,False,41,False,41,False,41,False
ILSVRC2012_val_00042602.png,42,42,42,False,42,False,42,False,42,False,42,False,42,False,42,False,42,False,42,False,42,False
ILSVRC2012_val_00022247.png,43,43,43,False,43,False,43,False,43,False,43,False,43,False,43,False,43,False,43,False,43,False
ILSVRC2012_val_00044980.png,44,44,48,True,44,False,44,False,44,False,44,False,44,False,44,False,44,False,44,False,44,False
ILSVRC2012_val_00021786.png,45,45,45,False,45,False,45,False,45,False,45,False,45,False,45,False,45,False,45,False,45,False
ILSVRC2012_val_00047675.png,46,46,46,False,46,False,46,False,46,False,46,False,46,False,46,False,46,False,46,False,46,False
ILSVRC2012_val_00039203.png,47,47,65,True,47,False,47,False,47,False,47,False,47,False,47,False,47,False,47,False,47,False
ILSVRC2012_val_00017490.png,48,48,49,True,48,False,48,False,48,False,48,False,48,False,49,True,48,False,48,False,48,False
ILSVRC2012_val_00019652.png,49,49,43,True,49,False,49,False,49,False,49,False,49,False,49,False,49,False,49,False,49,False
ILSVRC2012_val_00035623.png,50,50,51,True,51,True,50,False,51,True,50,False,51,True,51,True,51,True,51,True,51,True
ILSVRC2012_val_00018666.png,51,51,50,True,50,True,50,True,50,True,50,True,50,True,50,True,51,False,50,True,50,True
ILSVRC2012_val_00027193.png,52,52,518,True,52,False,52,False,52,False,52,False,52,False,52,False,52,False,52,False,52,False
ILSVRC2012_val_00046257.png,53,53,40,True,27,True,27,True,53,False,53,False,27,True,27,True,53,False,53,False,53,False
ILSVRC2012_val_00031596.png,54,54,28,True,54,False,54,False,54,False,54,False,54,False,54,False,54,False,54,False,54,False
ILSVRC2012_val_00039732.png,55,55,55,False,55,False,55,False,55,False,55,False,55,False,55,False,55,False,55,False,55,False
ILSVRC2012_val_00030719.png,56,56,617,True,617,True,617,True,56,False,56,False,56,False,56,False,56,False,56,False,56,False
ILSVRC2012_val_00005676.png,57,57,57,False,57,False,57,False,57,False,57,False,57,False,57,False,57,False,57,False,57,False
ILSVRC2012_val_00006699.png,58,58,816,True,59,True,58,False,58,False,58,False,58,False,58,False,58,False,58,False,58,False
ILSVRC2012_val_00034970.png,59,59,957,True,122,True,31,True,59,False,31,True,33,True,31,True,59,False,59,False,59,False
ILSVRC2012_val_00002439.png,60,60,32,True,65,True,65,True,65,True,65,True,65,True,65,True,65,True,60,False,60,False
ILSVRC2012_val_00033547.png,61,61,67,True,67,True,67,True,59,True,67,True,67,True,61,False,61,False,61,False,61,False
ILSVRC2012_val_00013730.png,62,62,634,True,62,False,62,False,62,False,62,False,62,False,62,False,62,False,62,False,62,False
ILSVRC2012_val_00017927.png,63,63,62,True,62,True,62,True,62,True,62,True,62,True,62,True,63,False,62,True,63,False
ILSVRC2012_val_00049823.png,64,64,722,True,64,False,64,False,64,False,64,False,64,False,64,False,64,False,64,False,64,False
ILSVRC2012_val_00028197.png,65,65,61,True,61,True,61,True,61,True,77,True,61,True,40,True,56,True,948,True,56,True
ILSVRC2012_val_00000324.png,66,66,64,True,66,False,66,False,66,False,66,False,66,False,66,False,66,False,66,False,66,False
ILSVRC2012_val_00046538.png,67,67,55,True,67,False,67,False,67,False,67,False,67,False,67,False,67,False,67,False,67,False
ILSVRC2012_val_00038068.png,68,68,809,True,68,False,68,False,68,False,68,False,68,False,68,False,68,False,68,False,68,False
ILSVRC2012_val_00024609.png,69,69,617,True,67,True,69,False,67,True,69,False,69,False,69,False,69,False,69,False,69,False
ILSVRC2012_val_00015756.png,70,70,70,False,70,False,70,False,70,False,70,False,70,False,70,False,70,False,70,False,70,False
ILSVRC2012_val_00037311.png,71,71,320,True,320,True,311,True,80,True,320,True,71,False,311,True,71,False,71,False,71,False
ILSVRC2012_val_00043197.png,72,72,72,False,72,False,72,False,72,False,72,False,72,False,72,False,72,False,72,False,72,False
ILSVRC2012_val_00003008.png,73,73,75,True,75,True,75,True,73,False,73,False,75,True,73,False,73,False,73,False,73,False
ILSVRC2012_val_00023692.png,74,74,641,True,74,False,74,False,74,False,74,False,74,False,74,False,74,False,74,False,75,True
ILSVRC2012_val_00046384.png,75,75,127,True,79,True,79,True,75,False,75,False,75,False,75,False,75,False,75,False,75,False
ILSVRC2012_val_00016936.png,76,76,66,True,76,False,76,False,76,False,76,False,76,False,76,False,76,False,76,False,76,False
ILSVRC2012_val_00041311.png,77,77,749,True,77,False,77,False,77,False,77,False,77,False,77,False,77,False,77,False,77,False
ILSVRC2012_val_00010801.png,78,78,940,True,78,False,78,False,78,False,78,False,78,False,78,False,78,False,78,False,78,False
ILSVRC2012_val_00032783.png,79,79,303,True,304,True,304,True,79,False,79,False,79,False,79,False,79,False,79,False,79,False
ILSVRC2012_val_00005072.png,80,80,397,True,397,True,397,True,80,False,397,True,397,True,397,True,80,False,80,False,80,False
ILSVRC2012_val_00007126.png,81,81,84,True,81,False,81,False,81,False,81,False,81,False,84,True,81,False,81,False,81,False
ILSVRC2012_val_00009827.png,82,82,386,True,83,True,83,True,82,False,82,False,82,False,82,False,82,False,82,False,82,False
ILSVRC2012_val_00036573.png,83,83,68,True,83,False,83,False,83,False,83,False,83,False,83,False,83,False,83,False,83,False
ILSVRC2012_val_00033098.png,84,84,364,True,84,False,84,False,364,True,373,True,364,True,84,False,84,False,84,False,84,False
ILSVRC2012_val_00022767.png,85,85,85,False,85,False,85,False,85,False,85,False,85,False,85,False,85,False,85,False,85,False
ILSVRC2012_val_00043990.png,86,86,86,False,86,False,86,False,86,False,86,False,86,False,86,False,86,False,86,False,86,False
ILSVRC2012_val_00043041.png,87,87,87,False,87,False,87,False,87,False,87,False,87,False,87,False,87,False,87,False,87,False
ILSVRC2012_val_00049962.png,88,88,315,True,88,False,88,False,88,False,88,False,88,False,88,False,88,False,88,False,88,False
ILSVRC2012_val_00012864.png,89,89,632,True,89,False,89,False,89,False,89,False,89,False,89,False,89,False,89,False,89,False
ILSVRC2012_val_00041041.png,90,90,61,True,328,True,328,True,90,False,90,False,328,True,90,False,90,False,90,False,90,False
ILSVRC2012_val_00007778.png,91,91,15,True,91,False,91,False,91,False,91,False,91,False,91,False,91,False,91,False,91,False
ILSVRC2012_val_00044108.png,92,92,92,False,92,False,92,False,92,False,92,False,92,False,92,False,92,False,92,False,92,False
ILSVRC2012_val_00040014.png,93,93,15,True,15,True,15,True,93,False,93,False,15,True,15,True,93,False,93,False,93,False
ILSVRC2012_val_00048549.png,94,94,561,True,94,False,94,False,94,False,94,False,94,False,94,False,94,False,94,False,94,False
ILSVRC2012_val_00023796.png,95,95,564,True,95,False,439,True,95,False,95,False,95,False,95,False,95,False,95,False,95,False
ILSVRC2012_val_00011315.png,96,96,96,False,96,False,96,False,96,False,96,False,96,False,96,False,96,False,96,False,96,False
ILSVRC2012_val_00036354.png,97,97,94,True,97,False,97,False,97,False,97,False,97,False,97,False,97,False,97,False,97,False
ILSVRC2012_val_00022364.png,98,98,98,False,98,False,98,False,98,False,98,False,98,False,98,False,98,False,98,False,98,False
ILSVRC2012_val_00036162.png,99,99,138,True,99,False,99,False,99,False,99,False,99,False,99,False,99,False,99,False,99,False
ILSVRC2012_val_00029785.png,100,100,95,True,100,False,100,False,95,True,95,True,100,False,100,False,100,False,100,False,100,False
ILSVRC2012_val_00009998.png,101,101,101,False,101,False,101,False,101,False,101,False,101,False,101,False,101,False,101,False,101,False
ILSVRC2012_val_00036826.png,102,102,386,True,386,True,386,True,387,True,102,False,102,False,387,True,102,False,102,False,102,False
ILSVRC2012_val_00030772.png,103,103,343,True,103,False,103,False,103,False,103,False,103,False,103,False,103,False,103,False,103,False
ILSVRC2012_val_00042336.png,104,104,252,True,104,False,104,False,104,False,104,False,104,False,104,False,104,False,104,False,104,False
ILSVRC2012_val_00046362.png,105,105,85,True,105,False,105,False,281,True,281,True,281,True,105,False,105,False,105,False,105,False
ILSVRC2012_val_00015072.png,106,106,339,True,106,False,106,False,106,False,106,False,106,False,106,False,106,False,106,False,106,False
ILSVRC2012_val_00015717.png,107,107,283,True,107,False,107,False,107,False,107,False,107,False,107,False,287,True,107,False,107,False
ILSVRC2012_val_00038400.png,108,108,869,True,349,True,345,True,364,True,364,True,172,True,172,True,108,False,108,False,108,False
ILSVRC2012_val_00012332.png,109,109,116,True,109,False,116,True,116,True,116,True,116,True,116,True,109,False,109,False,109,False
ILSVRC2012_val_00017794.png,110,110,110,False,110,False,110,False,110,False,110,False,110,False,110,False,110,False,110,False,110,False
ILSVRC2012_val_00033409.png,111,111,116,True,391,True,111,False,111,False,111,False,111,False,111,False,111,False,66,True,111,False
ILSVRC2012_val_00026452.png,112,112,110,True,783,True,550,True,550,True,550,True,550,True,746,True,112,False,550,True,112,False
ILSVRC2012_val_00028654.png,113,113,110,True,113,False,113,False,108,True,108,True,113,False,113,False,113,False,113,False,113,False
ILSVRC2012_val_00030012.png,114,114,899,True,72,True,70,True,70,True,36,True,70,True,70,True,114,False,114,False,114,False
ILSVRC2012_val_00018757.png,115,115,290,True,115,False,114,True,115,False,115,False,115,False,115,False,115,False,115,False,115,False
ILSVRC2012_val_00008160.png,116,116,339,True,310,True,947,True,947,True,108,True,310,True,310,True,116,False,116,False,116,False
ILSVRC2012_val_00028345.png,117,117,816,True,117,False,117,False,117,False,117,False,117,False,117,False,117,False,117,False,117,False
ILSVRC2012_val_00034644.png,118,118,110,True,118,False,118,False,118,False,118,False,118,False,118,False,118,False,118,False,118,False
ILSVRC2012_val_00040764.png,119,119,685,True,924,True,330,True,931,True,931,True,924,True,911,True,119,False,119,False,119,False
ILSVRC2012_val_00011071.png,120,120,312,True,39,True,40,True,125,True,125,True,125,True,125,True,121,True,120,False,120,False
ILSVRC2012_val_00017911.png,121,121,303,True,121,False,121,False,121,False,79,True,121,False,121,False,121,False,121,False,121,False
ILSVRC2012_val_00023264.png,122,122,119,True,122,False,122,False,122,False,122,False,122,False,122,False,122,False,122,False,122,False
ILSVRC2012_val_00046975.png,123,123,125,True,125,True,125,True,125,True,125,True,125,True,123,False,123,False,123,False,123,False
ILSVRC2012_val_00012455.png,124,124,122,True,124,False,124,False,124,False,124,False,124,False,124,False,124,False,124,False,124,False
ILSVRC2012_val_00049661.png,125,125,722,True,125,False,817,True,110,True,127,True,209,True,127,True,127,True,125,False,125,False
ILSVRC2012_val_00031943.png,126,126,125,True,126,False,126,False,126,False,126,False,126,False,126,False,126,False,126,False,126,False
ILSVRC2012_val_00042774.png,127,127,991,True,127,False,127,False,127,False,127,False,127,False,127,False,119,True,789,True,127,False
ILSVRC2012_val_00026340.png,128,128,641,True,128,False,128,False,128,False,128,False,128,False,128,False,128,False,128,False,128,False
ILSVRC2012_val_00026338.png,129,129,137,True,129,False,129,False,129,False,129,False,129,False,129,False,129,False,129,False,129,False
ILSVRC2012_val_00013256.png,130,130,130,False,130,False,130,False,130,False,130,False,130,False,130,False,130,False,130,False,130,False
ILSVRC2012_val_00000356.png,131,131,110,True,131,False,128,True,131,False,131,False,135,True,131,False,131,False,131,False,131,False
ILSVRC2012_val_00033760.png,132,132,132,False,132,False,132,False,132,False,132,False,132,False,132,False,132,False,132,False,132,False
ILSVRC2012_val_00026861.png,133,133,135,True,133,False,133,False,133,False,133,False,133,False,133,False,133,False,133,False,133,False
ILSVRC2012_val_00042966.png,134,134,854,True,134,False,134,False,134,False,134,False,134,False,134,False,134,False,463,True,134,False
ILSVRC2012_val_00037379.png,135,135,750,True,135,False,135,False,135,False,135,False,135,False,135,False,135,False,135,False,135,False
ILSVRC2012_val_00019998.png,136,136,130,True,136,False,136,False,136,False,136,False,136,False,136,False,136,False,136,False,136,False
ILSVRC2012_val_00024020.png,137,137,132,True,137,False,137,False,137,False,137,False,137,False,137,False,137,False,137,False,137,False
ILSVRC2012_val_00006814.png,138,138,98,True,138,False,138,False,138,False,138,False,138,False,138,False,138,False,138,False,138,False
ILSVRC2012_val_00038522.png,139,139,85,True,139,False,139,False,139,False,139,False,139,False,139,False,139,False,139,False,139,False
ILSVRC2012_val_00042705.png,140,140,141,True,141,True,140,False,141,True,141,True,141,True,141,True,140,False,140,False,140,False
ILSVRC2012_val_00003964.png,141,141,141,False,141,False,141,False,141,False,141,False,141,False,141,False,141,False,141,False,141,False
ILSVRC2012_val_00000470.png,142,142,893,True,142,False,142,False,142,False,142,False,142,False,142,False,142,False,142,False,142,False
ILSVRC2012_val_00029913.png,143,143,143,False,143,False,143,False,143,False,143,False,143,False,143,False,143,False,143,False,143,False
ILSVRC2012_val_00011052.png,144,144,84,True,144,False,144,False,147,True,129,True,144,False,144,False,144,False,144,False,144,False
ILSVRC2012_val_00043841.png,145,145,23,True,145,False,145,False,145,False,145,False,145,False,145,False,52,True,145,False,145,False
ILSVRC2012_val_00047685.png,146,146,146,False,146,False,146,False,146,False,146,False,146,False,146,False,146,False,146,False,146,False
ILSVRC2012_val_00031023.png,147,147,147,False,147,False,147,False,147,False,147,False,147,False,147,False,147,False,147,False,147,False
ILSVRC2012_val_00041029.png,148,148,725,True,541,True,148,False,148,False,148,False,148,False,148,False,148,False,148,False,148,False
ILSVRC2012_val_00028941.png,149,149,974,True,50,True,100,True,50,True,50,True,299,True,149,False,149,False,149,False,149,False
ILSVRC2012_val_00022669.png,150,150,110,True,150,False,150,False,110,True,110,True,7,True,110,True,150,False,150,False,150,False
ILSVRC2012_val_00046758.png,151,151,475,True,590,True,150,True,102,True,102,True,150,True,631,True,5,True,5,True,5,True
ILSVRC2012_val_00039439.png,152,152,185,True,152,False,152,False,152,False,152,False,152,False,152,False,152,False,152,False,152,False
ILSVRC2012_val_00037960.png,153,153,156,True,156,True,156,True,156,True,156,True,156,True,156,True,153,False,153,False,153,False
ILSVRC2012_val_00039695.png,154,154,249,True,258,True,258,True,223,True,204,True,223,True,258,True,154,False,154,False,154,False
ILSVRC2012_val_00001069.png,155,155,187,True,193,True,187,True,194,True,187,True,187,True,260,True,260,True,155,False,260,True
ILSVRC2012_val_00012394.png,156,156,205,True,156,False,205,True,205,True,156,False,156,False,205,True,156,False,156,False,156,False
ILSVRC2012_val_00022521.png,157,157,162,True,157,False,157,False,157,False,157,False,157,False,157,False,157,False,157,False,157,False
ILSVRC2012_val_00028429.png,158,158,158,False,158,False,158,False,158,False,158,False,158,False,158,False,158,False,158,False,158,False
ILSVRC2012_val_00020963.png,159,159,175,True,254,True,254,True,159,False,159,False,254,True,254,True,159,False,159,False,159,False
ILSVRC2012_val_00017792.png,160,160,435,True,269,True,898,True,192,True,183,True,898,True,185,True,210,True,169,True,169,True
ILSVRC2012_val_00029056.png,161,161,9,True,222,True,161,False,9,True,268,True,268,True,222,True,161,False,161,False,161,False
ILSVRC2012_val_00025539.png,162,162,167,True,162,False,163,True,162,False,167,True,167,True,163,True,162,False,162,False,162,False
ILSVRC2012_val_00031220.png,163,163,1000,True,163,False,163,False,163,False,163,False,163,False,163,False,163,False,163,False,163,False
ILSVRC2012_val_00044554.png,164,164,238,True,164,False,164,False,212,True,169,True,212,True,212,True,164,False,169,True,164,False
ILSVRC2012_val_00013962.png,165,165,168,True,173,True,173,True,211,True,173,True,167,True,173,True,165,False,165,False,165,False
ILSVRC2012_val_00045878.png,166,166,233,True,183,True,197,True,183,True,215,True,183,True,183,True,166,False,165,True,166,False
ILSVRC2012_val_00042394.png,167,167,220,True,157,True,216,True,163,True,163,True,163,True,157,True,163,True,163,True,163,True
ILSVRC2012_val_00018649.png,168,168,170,True,174,True,168,False,170,True,177,True,170,True,174,True,168,False,168,False,168,False
ILSVRC2012_val_00011176.png,169,169,212,True,212,True,212,True,185,True,160,True,212,True,212,True,169,False,169,False,169,False
ILSVRC2012_val_00040878.png,170,170,258,True,258,True,258,True,170,False,170,False,223,True,170,False,170,False,170,False,170,False
ILSVRC2012_val_00011311.png,171,171,266,True,266,True,266,True,266,True,266,True,190,True,266,True,171,False,171,False,171,False
ILSVRC2012_val_00012416.png,172,172,210,True,179,True,179,True,179,True,179,True,179,True,179,True,172,False,172,False,172,False
ILSVRC2012_val_00012644.png,173,173,216,True,173,False,173,False,173,False,173,False,173,False,173,False,173,False,173,False,173,False
ILSVRC2012_val_00004434.png,174,174,183,True,174,False,174,False,174,False,174,False,174,False,174,False,174,False,174,False,174,False
ILSVRC2012_val_00010665.png,175,175,262,True,262,True,262,True,262,True,262,True,262,True,262,True,175,False,175,False,175,False
ILSVRC2012_val_00002059.png,176,176,176,False,176,False,176,False,176,False,176,False,176,False,176,False,176,False,176,False,176,False
ILSVRC2012_val_00041908.png,177,177,612,True,238,True,172,True,238,True,172,True,172,True,177,False,159,True,177,False,177,False
ILSVRC2012_val_00031364.png,178,178,198,True,171,True,171,True,171,True,171,True,171,True,171,True,178,False,178,False,178,False
ILSVRC2012_val_00021668.png,179,179,198,True,247,True,247,True,247,True,247,True,247,True,247,True,179,False,179,False,179,False
ILSVRC2012_val_00000248.png,180,180,677,True,181,True,180,False,181,True,181,True,181,True,181,True,180,False,180,False,180,False
ILSVRC2012_val_00004947.png,181,181,179,True,179,True,179,True,179,True,179,True,179,True,179,True,181,False,181,False,181,False
ILSVRC2012_val_00004342.png,182,182,213,True,182,False,182,False,182,False,182,False,182,False,182,False,182,False,182,False,182,False
ILSVRC2012_val_00025302.png,183,183,247,True,243,True,247,True,244,True,244,True,244,True,244,True,244,True,183,False,183,False
ILSVRC2012_val_00001929.png,184,184,236,True,171,True,198,True,236,True,200,True,171,True,198,True,198,True,197,True,184,False
ILSVRC2012_val_00040915.png,185,185,186,True,186,True,186,True,186,True,186,True,185,False,186,True,185,False,185,False,185,False
ILSVRC2012_val_00014810.png,186,186,187,True,186,False,186,False,186,False,186,False,186,False,186,False,186,False,186,False,186,False
ILSVRC2012_val_00038457.png,187,187,190,True,190,True,190,True,190,True,187,False,190,True,190,True,187,False,187,False,187,False
ILSVRC2012_val_00044200.png,188,188,194,True,188,False,188,False,188,False,188,False,188,False,188,False,188,False,188,False,188,False
ILSVRC2012_val_00030776.png,189,189,193,True,204,True,204,True,204,True,204,True,204,True,204,True,189,False,189,False,189,False
ILSVRC2012_val_00004968.png,190,190,230,True,190,False,190,False,190,False,190,False,190,False,190,False,190,False,190,False,190,False
ILSVRC2012_val_00031845.png,191,191,191,False,191,False,191,False,191,False,191,False,191,False,191,False,191,False,191,False,191,False
ILSVRC2012_val_00042855.png,192,192,185,True,192,False,192,False,192,False,192,False,192,False,185,True,192,False,192,False,192,False
ILSVRC2012_val_00037723.png,193,193,183,True,193,False,193,False,193,False,193,False,193,False,193,False,193,False,193,False,193,False
ILSVRC2012_val_00032563.png,194,194,185,True,185,True,185,True,185,True,185,True,185,True,185,True,194,False,194,False,194,False
ILSVRC2012_val_00026267.png,195,195,230,True,195,False,195,False,195,False,195,False,195,False,195,False,195,False,195,False,195,False
ILSVRC2012_val_00004941.png,196,196,246,True,246,True,246,True,196,False,246,True,196,False,246,True,196,False,196,False,196,False
ILSVRC2012_val_00034118.png,197,197,786,True,197,False,197,False,199,True,197,False,197,False,199,True,197,False,197,False,197,False
ILSVRC2012_val_00032524.png,198,198,266,True,197,True,253,True,225,True,266,True,224,True,266,True,198,False,198,False,198,False
ILSVRC2012_val_00015592.png,199,199,195,True,199,False,199,False,199,False,199,False,199,False,199,False,199,False,199,False,199,False
ILSVRC2012_val_00003232.png,200,200,232,True,198,True,200,False,200,False,257,True,257,True,200,False,200,False,200,False,200,False
ILSVRC2012_val_00002630.png,201,201,158,True,156,True,201,False,156,True,153,True,201,False,201,False,201,False,201,False,201,False
ILSVRC2012_val_00033775.png,202,202,187,True,195,True,195,True,193,True,186,True,187,True,187,True,193,True,186,True,186,True
ILSVRC2012_val_00003198.png,203,203,192,True,203,False,190,True,203,False,203,False,203,False,203,False,203,False,185,True,203,False
ILSVRC2012_val_00027017.png,204,204,186,True,193,True,195,True,195,True,187,True,187,True,193,True,204,False,204,False,204,False
ILSVRC2012_val_00033763.png,205,205,208,True,220,True,205,False,220,True,205,False,195,True,195,True,205,False,205,False,205,False
ILSVRC2012_val_00013712.png,206,206,234,True,234,True,234,True,234,True,198,True,234,True,234,True,198,True,227,True,198,True
ILSVRC2012_val_00038920.png,207,207,267,True,207,False,222,True,222,True,222,True,222,True,207,False,207,False,207,False,207,False
ILSVRC2012_val_00034584.png,208,208,181,True,181,True,210,True,181,True,274,True,181,True,228,True,208,False,208,False,208,False
ILSVRC2012_val_00008346.png,209,209,215,True,209,False,206,True,209,False,209,False,209,False,206,True,209,False,209,False,209,False
ILSVRC2012_val_00040639.png,210,210,152,True,179,True,179,True,179,True,228,True,179,True,228,True,210,False,210,False,210,False
ILSVRC2012_val_00038044.png,211,211,177,True,211,False,211,False,211,False,211,False,211,False,211,False,211,False,211,False,211,False
ILSVRC2012_val_00017439.png,212,212,209,True,210,True,169,True,212,False,164,True,169,True,169,True,212,False,212,False,212,False
ILSVRC2012_val_00031785.png,213,213,242,True,213,False,213,False,213,False,252,True,252,True,252,True,213,False,213,False,213,False
ILSVRC2012_val_00009476.png,214,214,458,True,214,False,214,False,214,False,185,True,214,False,214,False,214,False,214,False,214,False
ILSVRC2012_val_00014745.png,215,215,207,True,222,True,207,True,207,True,207,True,207,True,207,True,215,False,215,False,215,False
ILSVRC2012_val_00013927.png,216,216,219,True,217,True,217,True,217,True,217,True,217,True,217,True,216,False,216,False,216,False
ILSVRC2012_val_00025471.png,217,217,267,True,217,False,217,False,217,False,217,False,217,False,217,False,217,False,217,False,217,False
ILSVRC2012_val_00014125.png,218,218,245,True,257,True,233,True,233,True,218,False,233,True,233,True,218,False,218,False,218,False
ILSVRC2012_val_00002353.png,219,219,216,True,216,True,216,True,216,True,216,True,216,True,216,True,216,True,219,False,219,False
ILSVRC2012_val_00041928.png,220,220,919,True,220,False,220,False,220,False,220,False,220,False,220,False,220,False,220,False,220,False
ILSVRC2012_val_00025181.png,221,221,221,False,221,False,221,False,221,False,221,False,221,False,221,False,221,False,221,False,221,False
ILSVRC2012_val_00047110.png,222,222,268,True,268,True,268,True,268,True,268,True,268,True,268,True,222,False,222,False,222,False
ILSVRC2012_val_00025006.png,223,223,216,True,208,True,208,True,208,True,209,True,209,True,213,True,223,False,223,False,208,True
ILSVRC2012_val_00013489.png,224,224,647,True,224,False,224,False,224,False,224,False,224,False,224,False,224,False,224,False,224,False
ILSVRC2012_val_00010928.png,225,225,24,True,296,True,296,True,225,False,225,False,296,True,296,True,225,False,225,False,225,False
ILSVRC2012_val_00011323.png,226,226,217,True,210,True,210,True,344,True,210,True,210,True,210,True,226,False,226,False,226,False
ILSVRC2012_val_00027053.png,227,227,227,False,227,False,227,False,227,False,227,False,227,False,227,False,227,False,227,False,227,False
ILSVRC2012_val_00043878.png,228,228,237,True,228,False,228,False,228,False,228,False,228,False,228,False,228,False,228,False,228,False
ILSVRC2012_val_00029214.png,229,229,825,True,229,False,229,False,229,False,229,False,229,False,229,False,229,False,229,False,229,False
ILSVRC2012_val_00030831.png,230,230,154,True,154,True,154,True,154,True,154,True,154,True,154,True,230,False,230,False,230,False
ILSVRC2012_val_00017879.png,231,231,232,True,231,False,231,False,231,False,231,False,231,False,231,False,231,False,231,False,231,False
ILSVRC2012_val_00027165.png,232,232,260,True,231,True,231,True,231,True,231,True,231,True,231,True,231,True,232,False,232,False
ILSVRC2012_val_00034069.png,233,233,553,True,233,False,233,False,233,False,233,False,233,False,233,False,233,False,233,False,233,False
ILSVRC2012_val_00016409.png,234,234,220,True,184,True,184,True,184,True,184,True,184,True,184,True,234,False,234,False,234,False
ILSVRC2012_val_00034429.png,235,235,540,True,237,True,237,True,237,True,237,True,237,True,237,True,237,True,235,False,235,False
ILSVRC2012_val_00024896.png,236,236,254,True,228,True,228,True,228,True,228,True,228,True,228,True,228,True,236,False,236,False
ILSVRC2012_val_00017646.png,237,237,798,True,159,True,238,True,237,False,237,False,237,False,237,False,237,False,237,False,237,False
ILSVRC2012_val_00035233.png,238,238,236,True,228,True,200,True,200,True,200,True,200,True,200,True,228,True,238,False,238,False
ILSVRC2012_val_00021196.png,239,239,220,True,162,True,162,True,239,False,220,True,220,True,220,True,239,False,239,False,242,True
ILSVRC2012_val_00005175.png,240,240,163,True,239,True,239,True,239,True,239,True,239,True,239,True,240,False,240,False,240,False
ILSVRC2012_val_00045080.png,241,241,794,True,239,True,239,True,239,True,239,True,239,True,239,True,239,True,239,True,241,False
ILSVRC2012_val_00032522.png,242,242,241,True,242,False,242,False,242,False,242,False,242,False,242,False,242,False,242,False,242,False
ILSVRC2012_val_00013856.png,243,243,255,True,243,False,243,False,243,False,243,False,243,False,243,False,243,False,243,False,243,False
ILSVRC2012_val_00017075.png,244,244,259,True,243,True,243,True,160,True,243,True,243,True,243,True,244,False,244,False,244,False
ILSVRC2012_val_00043131.png,245,245,215,True,215,True,215,True,235,True,215,True,235,True,235,True,245,False,245,False,245,False
ILSVRC2012_val_00026918.png,246,246,198,True,246,False,246,False,246,False,246,False,246,False,246,False,246,False,246,False,246,False
ILSVRC2012_val_00043452.png,247,247,177,True,177,True,172,True,247,False,247,False,213,True,213,True,247,False,247,False,247,False
ILSVRC2012_val_00002609.png,248,248,245,True,248,False,245,True,248,False,248,False,245,True,248,False,248,False,248,False,248,False
ILSVRC2012_val_00009157.png,249,249,251,True,251,True,251,True,251,True,251,True,251,True,251,True,251,True,249,False,251,True
ILSVRC2012_val_00009416.png,250,250,273,True,250,False,250,False,250,False,250,False,250,False,250,False,250,False,250,False,250,False
ILSVRC2012_val_00044104.png,251,251,432,True,251,False,152,True,476,True,476,True,786,True,251,False,285,True,251,False,251,False
ILSVRC2012_val_00022581.png,252,252,200,True,252,False,252,False,252,False,252,False,252,False,252,False,252,False,252,False,252,False
ILSVRC2012_val_00027947.png,253,253,275,True,187,True,187,True,253,False,194,True,253,False,183,True,253,False,253,False,253,False
ILSVRC2012_val_00043319.png,254,254,239,True,241,True,241,True,241,True,254,False,242,True,241,True,254,False,254,False,254,False
ILSVRC2012_val_00039291.png,255,255,186,True,255,False,255,False,255,False,255,False,255,False,255,False,255,False,255,False,255,False
ILSVRC2012_val_00013159.png,256,256,171,True,176,True,171,True,176,True,171,True,171,True,176,True,256,False,256,False,256,False
ILSVRC2012_val_00023569.png,257,257,261,True,257,False,257,False,261,True,257,False,257,False,257,False,257,False,257,False,257,False
ILSVRC2012_val_00036918.png,258,258,230,True,258,False,223,True,258,False,258,False,223,True,258,False,258,False,258,False,258,False
ILSVRC2012_val_00042625.png,259,259,249,True,259,False,259,False,259,False,259,False,259,False,259,False,259,False,259,False,259,False
ILSVRC2012_val_00021540.png,260,260,225,True,225,True,261,True,225,True,224,True,261,True,225,True,260,False,260,False,260,False
ILSVRC2012_val_00045687.png,261,261,170,True,209,True,152,True,208,True,152,True,209,True,152,True,261,False,261,False,261,False
ILSVRC2012_val_00016303.png,262,262,749,True,262,False,284,True,156,True,193,True,155,True,155,True,262,False,262,False,262,False
ILSVRC2012_val_00044473.png,263,263,192,True,183,True,185,True,263,False,263,False,263,False,263,False,263,False,263,False,263,False
ILSVRC2012_val_00023546.png,264,264,265,True,264,False,264,False,152,True,264,False,264,False,264,False,264,False,264,False,264,False
ILSVRC2012_val_00001686.png,265,265,213,True,233,True,218,True,233,True,218,True,233,True,218,True,265,False,265,False,265,False
ILSVRC2012_val_00012039.png,266,266,644,True,205,True,205,True,205,True,205,True,205,True,205,True,266,False,266,False,205,True
ILSVRC2012_val_00030403.png,267,267,260,True,266,True,266,True,267,False,266,True,266,True,266,True,267,False,267,False,267,False
ILSVRC2012_val_00016697.png,268,268,154,True,266,True,266,True,266,True,266,True,266,True,266,True,268,False,267,True,268,False
ILSVRC2012_val_00026509.png,269,269,269,False,269,False,269,False,269,False,269,False,269,False,269,False,269,False,269,False,269,False
ILSVRC2012_val_00011188.png,270,270,272,True,270,False,270,False,270,False,270,False,270,False,270,False,270,False,270,False,270,False
ILSVRC2012_val_00013358.png,271,271,282,True,281,True,278,True,273,True,273,True,278,True,273,True,271,False,271,False,271,False
ILSVRC2012_val_00037617.png,272,272,272,False,272,False,272,False,272,False,272,False,272,False,272,False,272,False,272,False,272,False
ILSVRC2012_val_00028916.png,273,273,270,True,273,False,273,False,273,False,273,False,273,False,273,False,273,False,273,False,273,False
ILSVRC2012_val_00030693.png,274,274,816,True,274,False,274,False,273,True,274,False,274,False,274,False,274,False,274,False,274,False
ILSVRC2012_val_00001148.png,275,275,264,True,275,False,264,True,275,False,275,False,275,False,275,False,275,False,275,False,275,False
ILSVRC2012_val_00022432.png,276,276,366,True,276,False,276,False,185,True,276,False,276,False,276,False,276,False,276,False,276,False
ILSVRC2012_val_00021035.png,277,277,356,True,356,True,356,True,277,False,356,True,356,True,356,True,277,False,277,False,277,False
ILSVRC2012_val_00014798.png,278,278,152,True,288,True,288,True,281,True,279,True,279,True,279,True,279,True,278,False,278,False
ILSVRC2012_val_00033561.png,279,279,278,True,278,True,278,True,278,True,278,True,278,True,278,True,278,True,279,False,279,False
ILSVRC2012_val_00034065.png,280,280,105,True,280,False,280,False,280,False,280,False,271,True,280,False,280,False,280,False,280,False
ILSVRC2012_val_00026842.png,281,281,279,True,281,False,281,False,281,False,279,True,281,False,281,False,281,False,281,False,281,False
ILSVRC2012_val_00045239.png,282,282,171,True,300,True,282,False,286,True,183,True,286,True,282,False,286,True,282,False,286,True
ILSVRC2012_val_00000796.png,283,283,812,True,282,True,282,True,282,True,283,False,282,True,282,True,283,False,283,False,283,False
ILSVRC2012_val_00015898.png,284,284,152,True,284,False,284,False,284,False,284,False,284,False,284,False,284,False,284,False,284,False
ILSVRC2012_val_00039931.png,285,285,714,True,783,True,714,True,285,False,743,True,285,False,743,True,285,False,285,False,285,False
ILSVRC2012_val_00005207.png,286,286,883,True,9,True,378,True,378,True,789,True,378,True,378,True,286,False,286,False,286,False
ILSVRC2012_val_00021045.png,287,287,292,True,287,False,287,False,287,False,287,False,287,False,287,False,287,False,287,False,287,False
ILSVRC2012_val_00049483.png,288,288,751,True,288,False,288,False,288,False,288,False,288,False,288,False,288,False,288,False,288,False
ILSVRC2012_val_00030737.png,289,289,291,True,291,True,291,True,291,True,291,True,291,True,291,True,289,False,289,False,289,False
ILSVRC2012_val_00026982.png,290,290,375,True,384,True,290,False,290,False,50,True,290,False,290,False,290,False,290,False,290,False
ILSVRC2012_val_00049347.png,291,291,294,True,291,False,289,True,291,False,291,False,291,False,291,False,291,False,291,False,291,False
ILSVRC2012_val_00001359.png,292,292,236,True,292,False,292,False,292,False,292,False,292,False,292,False,292,False,292,False,292,False
ILSVRC2012_val_00023810.png,293,293,289,True,293,False,293,False,293,False,293,False,293,False,293,False,293,False,293,False,293,False
ILSVRC2012_val_00029216.png,294,294,289,True,294,False,294,False,294,False,294,False,294,False,294,False,294,False,294,False,294,False
ILSVRC2012_val_00015955.png,295,295,296,True,296,True,296,True,296,True,295,False,296,True,295,False,295,False,295,False,295,False
ILSVRC2012_val_00048118.png,296,296,225,True,296,False,296,False,296,False,296,False,296,False,296,False,296,False,296,False,296,False
ILSVRC2012_val_00019930.png,297,297,979,True,297,False,297,False,297,False,297,False,297,False,297,False,297,False,297,False,297,False
ILSVRC2012_val_00032283.png,298,298,268,True,257,True,268,True,257,True,257,True,257,True,206,True,298,False,257,True,298,False
ILSVRC2012_val_00018630.png,299,299,23,True,49,True,218,True,34,True,49,True,24,True,30,True,299,False,299,False,299,False
ILSVRC2012_val_00047118.png,300,300,300,False,300,False,300,False,300,False,300,False,300,False,300,False,300,False,300,False,300,False
ILSVRC2012_val_00021653.png,301,301,45,True,301,False,301,False,301,False,301,False,301,False,301,False,301,False,301,False,301,False
ILSVRC2012_val_00031140.png,302,302,316,True,302,False,302,False,302,False,302,False,302,False,302,False,302,False,302,False,302,False
ILSVRC2012_val_00009626.png,303,303,869,True,303,False,303,False,303,False,303,False,315,True,303,False,303,False,303,False,303,False
ILSVRC2012_val_00045848.png,304,304,319,True,78,True,311,True,78,True,78,True,78,True,78,True,304,False,304,False,304,False
ILSVRC2012_val_00036613.png,305,305,303,True,305,False,305,False,305,False,305,False,305,False,305,False,305,False,305,False,305,False
ILSVRC2012_val_00013351.png,306,306,308,True,306,False,306,False,306,False,306,False,306,False,306,False,306,False,306,False,306,False
ILSVRC2012_val_00004339.png,307,307,317,True,307,False,307,False,307,False,307,False,307,False,307,False,307,False,307,False,307,False
ILSVRC2012_val_00028453.png,308,308,303,True,308,False,308,False,308,False,303,True,308,False,308,False,303,True,308,False,308,False
ILSVRC2012_val_00040397.png,309,309,778,True,309,False,309,False,309,False,309,False,309,False,309,False,309,False,309,False,309,False
ILSVRC2012_val_00020657.png,310,310,309,True,310,False,310,False,310,False,310,False,310,False,310,False,310,False,310,False,310,False
ILSVRC2012_val_00003814.png,311,311,74,True,311,False,74,True,311,False,311,False,311,False,311,False,311,False,311,False,311,False
ILSVRC2012_val_00022737.png,312,312,313,True,312,False,313,True,312,False,312,False,312,False,312,False,312,False,312,False,312,False
ILSVRC2012_val_00018535.png,313,313,312,True,312,True,312,True,312,True,312,True,312,True,312,True,313,False,312,True,313,False
ILSVRC2012_val_00016740.png,314,314,858,True,817,True,619,True,858,True,817,True,817,True,619,True,314,False,314,False,314,False
ILSVRC2012_val_00021755.png,315,315,220,True,817,True,617,True,125,True,125,True,125,True,123,True,315,False,315,False,315,False
ILSVRC2012_val_00017115.png,316,316,110,True,314,True,316,False,316,False,312,True,316,False,316,False,316,False,316,False,316,False
ILSVRC2012_val_00044407.png,317,317,317,False,317,False,317,False,317,False,317,False,317,False,317,False,317,False,317,False,317,False
ILSVRC2012_val_00029444.png,318,318,318,False,318,False,318,False,318,False,318,False,318,False,318,False,318,False,318,False,318,False
ILSVRC2012_val_00047939.png,319,319,319,False,319,False,319,False,319,False,319,False,319,False,319,False,319,False,319,False,319,False
ILSVRC2012_val_00046425.png,320,320,319,True,320,False,320,False,321,True,320,False,320,False,320,False,320,False,321,True,320,False
ILSVRC2012_val_00042764.png,321,321,321,False,321,False,321,False,321,False,321,False,321,False,321,False,321,False,321,False,321,False
ILSVRC2012_val_00008693.png,322,322,322,False,322,False,322,False,322,False,322,False,322,False,322,False,322,False,322,False,322,False
ILSVRC2012_val_00030779.png,323,323,48,True,323,False,323,False,323,False,323,False,323,False,323,False,323,False,323,False,323,False
ILSVRC2012_val_00011374.png,324,324,310,True,324,False,324,False,324,False,324,False,324,False,324,False,324,False,324,False,324,False
ILSVRC2012_val_00039335.png,325,325,945,True,325,False,325,False,325,False,325,False,325,False,325,False,325,False,325,False,325,False
ILSVRC2012_val_00034368.png,326,326,550,True,326,False,326,False,326,False,326,False,326,False,326,False,326,False,326,False,326,False
ILSVRC2012_val_00043218.png,327,327,323,True,327,False,323,True,323,True,327,False,323,True,327,False,327,False,327,False,327,False
ILSVRC2012_val_00001161.png,328,328,328,False,328,False,328,False,328,False,328,False,328,False,328,False,328,False,328,False,328,False
ILSVRC2012_val_00028454.png,329,329,109,True,329,False,329,False,329,False,329,False,329,False,329,False,329,False,329,False,329,False
ILSVRC2012_val_00036810.png,330,330,34,True,330,False,330,False,34,True,46,True,330,False,330,False,330,False,330,False,330,False
ILSVRC2012_val_00033548.png,331,331,332,True,332,True,331,False,331,False,331,False,331,False,331,False,331,False,331,False,331,False
ILSVRC2012_val_00023041.png,332,332,286,True,332,False,332,False,332,False,332,False,332,False,332,False,332,False,332,False,332,False
ILSVRC2012_val_00032730.png,333,333,195,True,333,False,333,False,195,True,205,True,333,False,195,True,333,False,333,False,333,False
ILSVRC2012_val_00013528.png,334,334,285,True,334,False,334,False,334,False,334,False,334,False,334,False,334,False,334,False,334,False
ILSVRC2012_val_00044646.png,335,335,110,True,331,True,338,True,295,True,335,False,295,True,332,True,335,False,335,False,335,False
ILSVRC2012_val_00038993.png,336,336,110,True,336,False,336,False,336,False,336,False,336,False,336,False,336,False,336,False,336,False
ILSVRC2012_val_00018582.png,337,337,49,True,49,True,49,True,300,True,49,True,49,True,49,True,337,False,337,False,337,False
ILSVRC2012_val_00003202.png,338,338,339,True,338,False,338,False,338,False,338,False,338,False,338,False,338,False,338,False,338,False
ILSVRC2012_val_00003675.png,339,339,435,True,339,False,339,False,339,False,339,False,339,False,339,False,339,False,339,False,339,False
ILSVRC2012_val_00017532.png,340,340,677,True,340,False,340,False,340,False,340,False,340,False,340,False,340,False,340,False,340,False
ILSVRC2012_val_00018423.png,341,341,341,False,341,False,341,False,341,False,341,False,341,False,341,False,341,False,341,False,341,False
ILSVRC2012_val_00026390.png,342,342,559,True,342,False,342,False,342,False,342,False,342,False,342,False,342,False,342,False,342,False
ILSVRC2012_val_00025142.png,343,343,751,True,343,False,361,True,361,True,343,False,343,False,343,False,343,False,343,False,343,False
ILSVRC2012_val_00025638.png,344,344,104,True,344,False,344,False,344,False,344,False,344,False,344,False,344,False,344,False,344,False
ILSVRC2012_val_00036081.png,345,345,107,True,345,False,345,False,345,False,366,True,345,False,345,False,345,False,345,False,345,False
ILSVRC2012_val_00004838.png,346,346,344,True,347,True,347,True,347,True,347,True,347,True,344,True,346,False,344,True,346,False
ILSVRC2012_val_00037946.png,347,347,930,True,344,True,344,True,344,True,344,True,344,True,347,False,347,False,347,False,347,False
ILSVRC2012_val_00032942.png,348,348,346,True,346,True,346,True,346,True,346,True,346,True,346,True,348,False,348,False,348,False
ILSVRC2012_val_00038653.png,349,349,229,True,346,True,349,False,229,True,229,True,229,True,229,True,349,False,349,False,349,False
ILSVRC2012_val_00039697.png,350,350,274,True,279,True,351,True,344,True,343,True,344,True,278,True,350,False,351,True,350,False
ILSVRC2012_val_00001885.png,351,351,350,True,351,False,351,False,351,False,351,False,351,False,351,False,351,False,351,False,351,False
ILSVRC2012_val_00017389.png,352,352,152,True,352,False,352,False,352,False,352,False,352,False,352,False,352,False,352,False,352,False
ILSVRC2012_val_00032385.png,353,353,208,True,353,False,353,False,353,False,353,False,353,False,353,False,353,False,353,False,353,False
ILSVRC2012_val_00046413.png,354,354,647,True,354,False,354,False,354,False,354,False,354,False,354,False,354,False,354,False,354,False
ILSVRC2012_val_00015861.png,355,355,457,True,355,False,355,False,538,True,355,False,355,False,731,True,355,False,355,False,355,False
ILSVRC2012_val_00001050.png,356,356,610,True,356,False,356,False,356,False,356,False,356,False,356,False,356,False,356,False,356,False
ILSVRC2012_val_00048496.png,357,357,359,True,359,True,357,False,359,True,359,True,359,True,357,False,357,False,357,False,357,False
ILSVRC2012_val_00005621.png,358,358,103,True,358,False,358,False,358,False,358,False,358,False,358,False,358,False,358,False,358,False
ILSVRC2012_val_00010052.png,359,359,453,True,360,True,359,False,360,True,360,True,360,True,360,True,359,False,359,False,359,False
ILSVRC2012_val_00036771.png,360,360,358,True,360,False,360,False,360,False,360,False,360,False,360,False,360,False,360,False,360,False
ILSVRC2012_val_00016202.png,361,361,361,False,361,False,361,False,361,False,361,False,361,False,361,False,361,False,361,False,361,False
ILSVRC2012_val_00000446.png,362,362,139,True,362,False,362,False,362,False,362,False,362,False,362,False,362,False,362,False,362,False
ILSVRC2012_val_00012860.png,363,363,389,True,363,False,363,False,363,False,363,False,363,False,363,False,363,False,363,False,363,False
ILSVRC2012_val_00018994.png,364,364,337,True,337,True,337,True,337,True,337,True,337,True,358,True,364,False,364,False,364,False
ILSVRC2012_val_00035990.png,365,365,644,True,365,False,346,True,365,False,347,True,347,True,207,True,365,False,365,False,365,False
ILSVRC2012_val_00047956.png,366,366,368,True,366,False,366,False,366,False,366,False,366,False,366,False,366,False,366,False,366,False
ILSVRC2012_val_00028177.png,367,367,751,True,24,True,376,True,361,True,379,True,375,True,376,True,367,False,367,False,367,False
ILSVRC2012_val_00008889.png,368,368,286,True,368,False,373,True,736,True,373,True,373,True,368,False,368,False,368,False,368,False
ILSVRC2012_val_00004058.png,369,369,904,True,369,False,369,False,369,False,369,False,369,False,369,False,369,False,369,False,369,False
ILSVRC2012_val_00008179.png,370,370,369,True,370,False,370,False,370,False,370,False,370,False,370,False,370,False,370,False,370,False
ILSVRC2012_val_00046645.png,371,371,371,False,371,False,371,False,371,False,371,False,371,False,371,False,371,False,371,False,371,False
ILSVRC2012_val_00007845.png,372,372,374,True,382,True,374,True,373,True,374,True,374,True,373,True,372,False,372,False,372,False
ILSVRC2012_val_00032732.png,373,373,335,True,373,False,373,False,373,False,373,False,373,False,373,False,373,False,373,False,373,False
ILSVRC2012_val_00045230.png,374,374,349,True,373,True,373,True,373,True,373,True,373,True,374,False,374,False,374,False,374,False
ILSVRC2012_val_00044914.png,375,375,110,True,362,True,364,True,375,False,375,False,375,False,371,True,375,False,375,False,375,False
ILSVRC2012_val_00028585.png,376,376,385,True,385,True,385,True,385,True,385,True,385,True,385,True,376,False,376,False,376,False
ILSVRC2012_val_00018749.png,377,377,369,True,377,False,377,False,377,False,377,False,377,False,377,False,377,False,377,False,377,False
ILSVRC2012_val_00006014.png,378,378,110,True,378,False,374,True,378,False,373,True,378,False,378,False,378,False,378,False,378,False
ILSVRC2012_val_00047365.png,379,379,25,True,379,False,379,False,379,False,379,False,379,False,379,False,379,False,379,False,379,False
ILSVRC2012_val_00007297.png,380,380,384,True,380,False,379,True,379,True,380,False,379,True,380,False,380,False,380,False,380,False
ILSVRC2012_val_00033927.png,381,381,92,True,365,True,365,True,388,True,380,True,380,True,380,True,380,True,378,True,378,True
ILSVRC2012_val_00026217.png,382,382,261,True,220,True,284,True,367,True,175,True,282,True,155,True,379,True,367,True,382,False
ILSVRC2012_val_00047853.png,383,383,957,True,383,False,381,True,383,False,383,False,383,False,383,False,383,False,383,False,383,False
ILSVRC2012_val_00001054.png,384,384,754,True,384,False,384,False,384,False,384,False,384,False,384,False,384,False,384,False,384,False
ILSVRC2012_val_00046745.png,385,385,87,True,385,False,385,False,385,False,385,False,385,False,385,False,385,False,385,False,385,False
ILSVRC2012_val_00040258.png,386,386,227,True,227,True,227,True,227,True,386,False,227,True,227,True,386,False,387,True,386,False
ILSVRC2012_val_00038578.png,387,387,102,True,102,True,102,True,387,False,387,False,387,False,102,True,102,True,387,False,387,False
ILSVRC2012_val_00014686.png,388,388,388,False,388,False,388,False,388,False,388,False,388,False,388,False,388,False,388,False,388,False
ILSVRC2012_val_00048200.png,389,389,388,True,389,False,389,False,389,False,389,False,389,False,389,False,240,True,389,False,389,False
ILSVRC2012_val_00012982.png,390,390,392,True,392,True,390,False,390,False,390,False,390,False,392,True,390,False,390,False,390,False
ILSVRC2012_val_00032579.png,391,391,330,True,330,True,330,True,330,True,330,True,330,True,330,True,330,True,391,False,330,True
ILSVRC2012_val_00047174.png,392,392,434,True,392,False,392,False,392,False,392,False,392,False,392,False,392,False,392,False,392,False
ILSVRC2012_val_00008724.png,393,393,330,True,393,False,393,False,393,False,393,False,393,False,393,False,393,False,393,False,393,False
ILSVRC2012_val_00034042.png,394,394,110,True,394,False,394,False,394,False,394,False,394,False,394,False,394,False,394,False,394,False
ILSVRC2012_val_00031255.png,395,395,880,True,395,False,395,False,395,False,395,False,395,False,395,False,395,False,395,False,395,False
ILSVRC2012_val_00033541.png,396,396,578,True,396,False,765,True,414,True,765,True,414,True,765,True,396,False,396,False,396,False
ILSVRC2012_val_00009165.png,397,397,397,False,397,False,397,False,397,False,397,False,397,False,397,False,397,False,397,False,397,False
ILSVRC2012_val_00019403.png,398,398,398,False,398,False,398,False,398,False,398,False,398,False,398,False,398,False,398,False,398,False
ILSVRC2012_val_00002148.png,399,399,493,True,509,True,892,True,509,True,892,True,892,True,399,False,399,False,399,False,399,False
ILSVRC2012_val_00005187.png,400,400,886,True,736,True,886,True,886,True,475,True,886,True,886,True,886,True,400,False,400,False
ILSVRC2012_val_00021881.png,401,401,699,True,401,False,401,False,401,False,401,False,401,False,401,False,401,False,401,False,401,False
ILSVRC2012_val_00013625.png,402,402,110,True,402,False,402,False,402,False,402,False,402,False,402,False,402,False,402,False,402,False
ILSVRC2012_val_00041930.png,403,403,110,True,775,True,403,False,403,False,403,False,403,False,403,False,403,False,403,False,403,False
ILSVRC2012_val_00033900.png,404,404,407,True,443,True,404,False,404,False,404,False,404,False,404,False,52,True,404,False,404,False
ILSVRC2012_val_00046971.png,405,405,792,True,405,False,405,False,405,False,405,False,405,False,405,False,405,False,405,False,405,False
ILSVRC2012_val_00010147.png,406,406,406,False,406,False,406,False,406,False,406,False,406,False,406,False,406,False,406,False,406,False
ILSVRC2012_val_00044658.png,407,407,699,True,407,False,858,True,407,False,699,True,407,False,407,False,858,True,407,False,858,True
ILSVRC2012_val_00024296.png,408,408,676,True,676,True,408,False,408,False,676,True,676,True,408,False,408,False,676,True,408,False
ILSVRC2012_val_00008360.png,409,409,587,True,409,False,409,False,437,True,409,False,409,False,409,False,409,False,409,False,409,False
ILSVRC2012_val_00015108.png,410,410,898,True,410,False,410,False,410,False,410,False,410,False,410,False,410,False,410,False,410,False
ILSVRC2012_val_00002391.png,411,411,670,True,670,True,670,True,384,True,670,True,670,True,670,True,411,False,411,False,411,False
ILSVRC2012_val_00042510.png,412,535,825,True,524,True,825,True,569,True,569,True,825,True,825,True,679,True,412,False,412,False
ILSVRC2012_val_00010877.png,413,413,479,True,739,True,464,True,464,True,413,False,413,False,413,False,464,True,413,False,413,False
ILSVRC2012_val_00014056.png,414,414,765,True,414,False,414,False,414,False,414,False,414,False,414,False,414,False,414,False,414,False
ILSVRC2012_val_00042327.png,415,415,601,True,415,False,415,False,415,False,415,False,415,False,415,False,415,False,415,False,773,True
ILSVRC2012_val_00021256.png,416,416,425,True,416,False,416,False,416,False,416,False,416,False,416,False,416,False,416,False,416,False
ILSVRC2012_val_00039129.png,417,603,899,True,423,True,603,True,640,True,603,True,603,True,603,True,603,True,603,True,603,True
ILSVRC2012_val_00040361.png,418,418,507,True,418,False,539,True,539,True,418,False,539,True,539,True,418,False,418,False,418,False
ILSVRC2012_val_00010497.png,419,419,754,True,785,True,1000,True,795,True,1000,True,862,True,795,True,419,False,419,False,419,False
ILSVRC2012_val_00006039.png,420,420,334,True,856,True,334,True,420,False,420,False,420,False,79,True,674,True,420,False,420,False
ILSVRC2012_val_00013131.png,421,421,590,True,421,False,421,False,421,False,421,False,421,False,421,False,421,False,421,False,421,False
ILSVRC2012_val_00023325.png,422,422,110,True,816,True,670,True,670,True,894,True,314,True,670,True,422,False,422,False,422,False
ILSVRC2012_val_00037608.png,423,423,702,True,423,False,423,False,423,False,423,False,423,False,423,False,423,False,423,False,423,False
ILSVRC2012_val_00043116.png,424,424,642,True,198,True,910,True,701,True,910,True,910,True,892,True,424,False,424,False,424,False
ILSVRC2012_val_00000076.png,425,425,920,True,455,True,455,True,455,True,425,False,425,False,425,False,425,False,861,True,425,False
ILSVRC2012_val_00019730.png,426,426,426,False,426,False,426,False,426,False,426,False,426,False,426,False,426,False,426,False,426,False
ILSVRC2012_val_00003043.png,427,427,293,True,427,False,427,False,427,False,427,False,427,False,427,False,427,False,427,False,427,False
ILSVRC2012_val_00000787.png,428,428,471,True,884,True,515,True,884,True,515,True,515,True,471,True,428,False,428,False,428,False
ILSVRC2012_val_00048739.png,429,429,125,True,429,False,429,False,429,False,429,False,429,False,429,False,429,False,429,False,429,False
ILSVRC2012_val_00026506.png,430,430,588,True,430,False,430,False,430,False,430,False,430,False,430,False,430,False,430,False,430,False
ILSVRC2012_val_00034473.png,431,431,656,True,431,False,891,True,431,False,891,True,891,True,431,False,891,True,431,False,431,False
ILSVRC2012_val_00047642.png,432,432,152,True,432,False,530,True,432,False,432,False,453,True,432,False,432,False,432,False,432,False
ILSVRC2012_val_00029252.png,433,433,863,True,433,False,433,False,433,False,433,False,433,False,433,False,433,False,433,False,433,False
ILSVRC2012_val_00039810.png,434,434,863,True,434,False,434,False,553,True,434,False,434,False,434,False,434,False,434,False,434,False
ILSVRC2012_val_00027792.png,435,435,637,True,722,True,435,False,722,True,444,True,444,True,444,True,435,False,435,False,435,False
ILSVRC2012_val_00028638.png,436,436,795,True,877,True,436,False,436,False,436,False,436,False,436,False,436,False,436,False,436,False
ILSVRC2012_val_00037160.png,437,437,676,True,437,False,437,False,437,False,657,True,437,False,437,False,437,False,437,False,437,False
ILSVRC2012_val_00035911.png,438,438,915,True,438,False,438,False,438,False,438,False,461,True,438,False,438,False,438,False,438,False
ILSVRC2012_val_00034097.png,439,439,648,True,648,True,648,True,648,True,648,True,439,False,648,True,439,False,439,False,439,False
ILSVRC2012_val_00025841.png,440,440,440,False,440,False,440,False,440,False,440,False,440,False,440,False,440,False,440,False,440,False
ILSVRC2012_val_00035507.png,441,441,441,False,441,False,441,False,441,False,441,False,441,False,441,False,441,False,441,False,441,False
ILSVRC2012_val_00039742.png,442,442,904,True,442,False,442,False,442,False,442,False,442,False,442,False,442,False,442,False,442,False
ILSVRC2012_val_00037196.png,443,443,450,True,498,True,443,False,971,True,498,True,498,True,498,True,971,True,443,False,443,False
ILSVRC2012_val_00013154.png,444,444,722,True,444,False,592,True,592,True,592,True,592,True,592,True,550,True,444,False,444,False
ILSVRC2012_val_00026250.png,445,445,429,True,871,True,445,False,871,True,445,False,871,True,871,True,445,False,871,True,445,False
ILSVRC2012_val_00029050.png,446,446,647,True,446,False,446,False,446,False,446,False,446,False,446,False,446,False,446,False,446,False
ILSVRC2012_val_00034050.png,447,447,693,True,922,True,922,True,922,True,922,True,922,True,447,False,922,True,627,True,922,True
ILSVRC2012_val_00046109.png,448,448,392,True,448,False,448,False,448,False,448,False,448,False,448,False,448,False,448,False,448,False
ILSVRC2012_val_00004330.png,449,449,581,True,443,True,612,True,699,True,859,True,664,True,449,False,449,False,449,False,449,False
ILSVRC2012_val_00021432.png,450,450,426,True,426,True,450,False,450,False,426,True,426,True,450,False,450,False,450,False,450,False
ILSVRC2012_val_00045079.png,451,451,729,True,612,True,451,False,746,True,451,False,451,False,451,False,451,False,921,True,451,False
ILSVRC2012_val_00033619.png,452,452,110,True,452,False,452,False,597,True,452,False,452,False,465,True,452,False,452,False,452,False
ILSVRC2012_val_00005523.png,453,453,255,True,364,True,282,True,172,True,453,False,453,False,152,True,453,False,453,False,453,False
ILSVRC2012_val_00003502.png,454,454,796,True,454,False,454,False,454,False,454,False,454,False,454,False,454,False,454,False,454,False
ILSVRC2012_val_00046690.png,455,455,866,True,918,True,866,True,866,True,866,True,866,True,866,True,455,False,455,False,866,True
ILSVRC2012_val_00021639.png,456,456,456,False,456,False,456,False,456,False,456,False,456,False,456,False,456,False,456,False,456,False
ILSVRC2012_val_00006182.png,457,457,669,True,457,False,457,False,457,False,457,False,457,False,457,False,457,False,457,False,457,False
ILSVRC2012_val_00039746.png,458,458,692,True,458,False,458,False,458,False,458,False,458,False,458,False,458,False,458,False,458,False
ILSVRC2012_val_00019749.png,459,459,641,True,459,False,459,False,459,False,459,False,459,False,459,False,459,False,459,False,459,False
ILSVRC2012_val_00029303.png,460,460,722,True,460,False,460,False,460,False,736,True,460,False,460,False,460,False,460,False,460,False
ILSVRC2012_val_00002469.png,461,461,756,True,461,False,461,False,461,False,461,False,461,False,461,False,461,False,461,False,461,False
ILSVRC2012_val_00039079.png,462,462,749,True,462,False,462,False,462,False,462,False,462,False,462,False,462,False,462,False,462,False
ILSVRC2012_val_00041911.png,463,463,477,True,463,False,463,False,463,False,463,False,463,False,463,False,463,False,463,False,463,False
ILSVRC2012_val_00022064.png,464,464,506,True,464,False,464,False,464,False,413,True,464,False,464,False,464,False,464,False,464,False
ILSVRC2012_val_00009444.png,465,465,479,True,675,True,675,True,675,True,675,True,675,True,675,True,465,False,465,False,465,False
ILSVRC2012_val_00031560.png,466,466,466,False,466,False,466,False,466,False,466,False,466,False,466,False,466,False,466,False,466,False
ILSVRC2012_val_00033558.png,467,467,521,True,467,False,467,False,467,False,467,False,467,False,467,False,467,False,467,False,467,False
ILSVRC2012_val_00019799.png,468,468,675,True,468,False,468,False,468,False,468,False,468,False,468,False,468,False,468,False,468,False
ILSVRC2012_val_00024931.png,469,469,731,True,604,True,469,False,469,False,469,False,469,False,469,False,469,False,469,False,469,False
ILSVRC2012_val_00009140.png,470,470,836,True,470,False,470,False,470,False,470,False,470,False,470,False,470,False,470,False,470,False
ILSVRC2012_val_00008717.png,471,471,712,True,471,False,471,False,471,False,471,False,471,False,471,False,471,False,471,False,471,False
ILSVRC2012_val_00032815.png,472,472,611,True,808,True,808,True,808,True,808,True,701,True,472,False,472,False,472,False,472,False
ILSVRC2012_val_00024906.png,473,473,694,True,473,False,473,False,473,False,473,False,473,False,473,False,473,False,473,False,473,False
ILSVRC2012_val_00015663.png,474,474,38,True,474,False,474,False,474,False,474,False,474,False,474,False,119,True,474,False,474,False
ILSVRC2012_val_00001299.png,475,475,462,True,475,False,475,False,475,False,475,False,475,False,475,False,475,False,475,False,475,False
ILSVRC2012_val_00012473.png,476,476,607,True,476,False,476,False,476,False,476,False,476,False,476,False,476,False,476,False,476,False
ILSVRC2012_val_00040917.png,477,477,866,True,477,False,477,False,477,False,477,False,477,False,477,False,477,False,477,False,477,False
ILSVRC2012_val_00030460.png,478,478,539,True,478,False,478,False,478,False,478,False,478,False,478,False,478,False,478,False,478,False
ILSVRC2012_val_00000019.png,479,479,755,True,479,False,479,False,746,True,479,False,479,False,479,False,554,True,479,False,479,False
ILSVRC2012_val_00004412.png,480,480,480,False,480,False,480,False,480,False,480,False,480,False,480,False,480,False,480,False,480,False
ILSVRC2012_val_00036406.png,481,481,762,True,849,True,708,True,459,True,845,True,845,True,845,True,481,False,481,False,481,False
ILSVRC2012_val_00042137.png,482,482,849,True,482,False,482,False,482,False,482,False,482,False,482,False,482,False,482,False,482,False
ILSVRC2012_val_00012468.png,483,483,641,True,483,False,483,False,483,False,486,True,486,True,483,False,483,False,486,True,486,True
ILSVRC2012_val_00003916.png,484,484,699,True,498,True,484,False,484,False,484,False,484,False,484,False,484,False,699,True,484,False
ILSVRC2012_val_00032462.png,485,485,872,True,872,True,872,True,872,True,872,True,872,True,872,True,52,True,872,True,872,True
ILSVRC2012_val_00020817.png,486,486,462,True,486,False,486,False,892,True,486,False,486,False,486,False,531,True,486,False,483,True
ILSVRC2012_val_00012115.png,487,487,500,True,487,False,487,False,487,False,487,False,487,False,487,False,487,False,487,False,487,False
ILSVRC2012_val_00033654.png,488,488,591,True,488,False,488,False,488,False,488,False,488,False,488,False,488,False,488,False,488,False
ILSVRC2012_val_00046589.png,489,489,617,True,491,True,489,False,489,False,489,False,489,False,489,False,491,True,489,False,489,False
ILSVRC2012_val_00041954.png,490,490,418,True,490,False,490,False,490,False,490,False,490,False,490,False,490,False,490,False,490,False
ILSVRC2012_val_00024629.png,491,491,620,True,491,False,491,False,491,False,491,False,491,False,491,False,491,False,491,False,491,False
ILSVRC2012_val_00007460.png,492,492,110,True,492,False,492,False,492,False,492,False,492,False,492,False,492,False,492,False,492,False
ILSVRC2012_val_00015177.png,493,493,494,True,493,False,493,False,493,False,493,False,493,False,493,False,493,False,493,False,493,False
ILSVRC2012_val_00007893.png,494,494,494,False,494,False,494,False,494,False,494,False,494,False,494,False,494,False,494,False,494,False
ILSVRC2012_val_00038376.png,495,495,443,True,495,False,495,False,495,False,495,False,495,False,495,False,495,False,495,False,495,False
ILSVRC2012_val_00028487.png,496,496,701,True,496,False,496,False,494,True,496,False,496,False,496,False,496,False,496,False,496,False
ILSVRC2012_val_00005832.png,497,497,505,True,497,False,497,False,497,False,615,True,497,False,722,True,497,False,497,False,497,False
ILSVRC2012_val_00034021.png,498,498,905,True,658,True,905,True,484,True,484,True,658,True,100,True,484,True,484,True,498,False
ILSVRC2012_val_00022945.png,499,499,708,True,499,False,499,False,499,False,499,False,499,False,499,False,499,False,499,False,499,False
ILSVRC2012_val_00038966.png,500,500,359,True,894,True,894,True,726,True,500,False,617,True,465,True,500,False,500,False,500,False
ILSVRC2012_val_00013091.png,501,501,110,True,501,False,501,False,501,False,501,False,501,False,885,True,501,False,501,False,501,False
ILSVRC2012_val_00038702.png,502,502,904,True,904,True,825,True,502,False,502,False,502,False,502,False,502,False,502,False,502,False
ILSVRC2012_val_00008871.png,503,503,464,True,503,False,503,False,503,False,503,False,503,False,503,False,503,False,503,False,503,False
ILSVRC2012_val_00028646.png,504,504,654,True,504,False,900,True,504,False,504,False,504,False,504,False,504,False,504,False,504,False
ILSVRC2012_val_00045860.png,505,505,435,True,505,False,922,True,505,False,479,True,479,True,922,True,505,False,505,False,505,False
ILSVRC2012_val_00020255.png,506,506,551,True,506,False,506,False,506,False,506,False,506,False,506,False,506,False,551,True,506,False
ILSVRC2012_val_00003496.png,507,507,791,True,507,False,507,False,507,False,507,False,507,False,507,False,507,False,507,False,507,False
ILSVRC2012_val_00046376.png,508,508,845,True,508,False,508,False,508,False,508,False,508,False,708,True,508,False,508,False,508,False
ILSVRC2012_val_00026428.png,509,509,811,True,509,False,509,False,509,False,509,False,509,False,509,False,509,False,509,False,509,False
ILSVRC2012_val_00034518.png,510,510,510,False,510,False,510,False,510,False,510,False,510,False,510,False,510,False,510,False,510,False
ILSVRC2012_val_00029800.png,511,511,511,False,511,False,511,False,511,False,511,False,511,False,511,False,511,False,511,False,511,False
ILSVRC2012_val_00036091.png,512,512,582,True,582,True,582,True,818,True,582,True,818,True,582,True,512,False,512,False,512,False
ILSVRC2012_val_00039009.png,513,513,110,True,513,False,513,False,513,False,513,False,513,False,513,False,513,False,513,False,513,False
ILSVRC2012_val_00004054.png,514,514,567,True,567,True,567,True,567,True,514,False,514,False,567,True,514,False,514,False,514,False
ILSVRC2012_val_00034753.png,515,515,513,True,563,True,620,True,563,True,563,True,563,True,515,False,563,True,515,False,563,True
ILSVRC2012_val_00005719.png,516,516,983,True,786,True,681,True,798,True,432,True,798,True,798,True,516,False,516,False,516,False
ILSVRC2012_val_00010259.png,517,517,517,False,517,False,517,False,517,False,517,False,517,False,517,False,517,False,517,False,517,False
ILSVRC2012_val_00016372.png,518,518,972,True,518,False,518,False,518,False,518,False,518,False,518,False,518,False,518,False,518,False
ILSVRC2012_val_00031743.png,519,519,858,True,692,True,692,True,519,False,692,True,788,True,692,True,519,False,519,False,519,False
ILSVRC2012_val_00016539.png,520,520,435,True,520,False,520,False,520,False,520,False,420,True,520,False,520,False,520,False,520,False
ILSVRC2012_val_00004602.png,521,521,531,True,521,False,521,False,517,True,521,False,517,True,521,False,521,False,521,False,521,False
ILSVRC2012_val_00021118.png,522,522,470,True,962,True,522,False,522,False,522,False,522,False,522,False,522,False,522,False,522,False
ILSVRC2012_val_00031771.png,523,523,793,True,523,False,523,False,959,True,523,False,523,False,523,False,523,False,523,False,523,False
ILSVRC2012_val_00005672.png,524,524,524,False,524,False,524,False,524,False,524,False,524,False,524,False,524,False,524,False,524,False
ILSVRC2012_val_00049883.png,525,525,788,True,525,False,525,False,525,False,525,False,525,False,525,False,525,False,525,False,525,False
ILSVRC2012_val_00038717.png,526,526,913,True,647,True,647,True,913,True,526,False,526,False,793,True,526,False,526,False,526,False
ILSVRC2012_val_00044861.png,527,527,614,True,527,False,528,True,527,False,527,False,527,False,528,True,527,False,527,False,527,False
ILSVRC2012_val_00014012.png,528,528,621,True,528,False,528,False,621,True,621,True,528,False,621,True,528,False,665,True,528,False
ILSVRC2012_val_00030193.png,529,529,529,False,529,False,529,False,529,False,529,False,529,False,529,False,529,False,529,False,529,False
ILSVRC2012_val_00023284.png,530,530,553,True,824,True,530,False,425,True,530,False,530,False,530,False,530,False,530,False,530,False
ILSVRC2012_val_00010019.png,531,531,465,True,812,True,531,False,531,False,531,False,531,False,531,False,531,False,531,False,531,False
ILSVRC2012_val_00039835.png,532,532,827,True,532,False,532,False,532,False,532,False,532,False,532,False,532,False,532,False,532,False
ILSVRC2012_val_00021888.png,533,533,841,True,533,False,533,False,533,False,533,False,533,False,533,False,533,False,533,False,533,False
ILSVRC2012_val_00029386.png,534,534,475,True,534,False,534,False,534,False,534,False,534,False,534,False,534,False,534,False,534,False
ILSVRC2012_val_00020884.png,535,535,535,False,535,False,535,False,535,False,535,False,535,False,535,False,535,False,535,False,535,False
ILSVRC2012_val_00039566.png,536,536,313,True,536,False,536,False,536,False,536,False,536,False,536,False,536,False,536,False,536,False
ILSVRC2012_val_00027221.png,537,537,485,True,537,False,872,True,537,False,537,False,537,False,537,False,537,False,537,False,537,False
ILSVRC2012_val_00043960.png,538,538,250,True,250,True,250,True,250,True,250,True,250,True,538,False,538,False,538,False,538,False
ILSVRC2012_val_00045649.png,539,859,859,True,539,False,539,False,539,False,539,False,539,False,539,False,539,False,539,False,539,False
ILSVRC2012_val_00035316.png,540,540,521,True,540,False,540,False,540,False,540,False,540,False,540,False,540,False,540,False,540,False
ILSVRC2012_val_00023790.png,541,541,658,True,541,False,541,False,541,False,541,False,541,False,541,False,119,True,541,False,541,False
ILSVRC2012_val_00021702.png,542,542,620,True,542,False,542,False,542,False,542,False,542,False,542,False,542,False,542,False,542,False
ILSVRC2012_val_00027965.png,543,543,465,True,567,True,567,True,899,True,514,True,514,True,567,True,543,False,543,False,543,False
ILSVRC2012_val_00006779.png,544,544,877,True,703,True,846,True,807,True,544,False,544,False,1000,True,846,True,544,False,544,False
ILSVRC2012_val_00012450.png,545,545,963,True,963,True,963,True,963,True,963,True,963,True,963,True,545,False,545,False,545,False
ILSVRC2012_val_00004346.png,546,546,546,False,546,False,546,False,546,False,546,False,546,False,546,False,546,False,546,False,546,False
ILSVRC2012_val_00041609.png,547,547,685,True,547,False,547,False,546,True,685,True,547,False,547,False,547,False,547,False,547,False
ILSVRC2012_val_00023549.png,548,548,706,True,548,False,548,False,548,False,548,False,548,False,548,False,548,False,548,False,548,False
ILSVRC2012_val_00016250.png,549,549,435,True,565,True,549,False,549,False,549,False,496,True,549,False,549,False,549,False,549,False
ILSVRC2012_val_00021245.png,550,550,807,True,550,False,550,False,550,False,550,False,550,False,550,False,550,False,550,False,550,False
ILSVRC2012_val_00012573.png,551,819,616,True,616,True,705,True,519,True,851,True,901,True,901,True,572,True,551,False,551,False
ILSVRC2012_val_00004160.png,552,552,905,True,634,True,634,True,634,True,428,True,634,True,634,True,571,True,552,False,838,True
ILSVRC2012_val_00046806.png,553,553,644,True,553,False,553,False,553,False,553,False,553,False,553,False,553,False,553,False,553,False
ILSVRC2012_val_00005618.png,554,554,787,True,554,False,527,True,554,False,792,True,828,True,554,False,554,False,652,True,554,False
ILSVRC2012_val_00039559.png,555,555,498,True,555,False,555,False,555,False,555,False,555,False,555,False,555,False,555,False,555,False
ILSVRC2012_val_00029595.png,556,556,868,True,556,False,556,False,556,False,556,False,556,False,556,False,556,False,556,False,556,False
ILSVRC2012_val_00012175.png,557,557,722,True,557,False,557,False,557,False,557,False,557,False,557,False,557,False,557,False,557,False
ILSVRC2012_val_00012078.png,558,558,669,True,558,False,558,False,558,False,558,False,558,False,558,False,558,False,558,False,558,False
ILSVRC2012_val_00037909.png,559,559,535,True,559,False,594,True,559,False,559,False,559,False,890,True,559,False,559,False,559,False
ILSVRC2012_val_00012771.png,560,560,156,True,560,False,560,False,560,False,560,False,560,False,560,False,560,False,560,False,560,False
ILSVRC2012_val_00030254.png,561,561,91,True,561,False,561,False,561,False,677,True,677,True,561,False,561,False,561,False,561,False
ILSVRC2012_val_00018047.png,562,562,457,True,562,False,562,False,562,False,562,False,562,False,562,False,562,False,562,False,562,False
ILSVRC2012_val_00016149.png,563,563,573,True,563,False,563,False,563,False,563,False,563,False,563,False,563,False,563,False,563,False
ILSVRC2012_val_00021816.png,564,564,825,True,894,True,693,True,1000,True,564,False,710,True,564,False,119,True,789,True,564,False
ILSVRC2012_val_00019307.png,565,565,751,True,565,False,565,False,565,False,565,False,565,False,565,False,565,False,565,False,565,False
ILSVRC2012_val_00033953.png,566,566,669,True,566,False,566,False,566,False,566,False,566,False,566,False,566,False,566,False,566,False
ILSVRC2012_val_00007536.png,567,567,584,True,567,False,567,False,567,False,567,False,567,False,567,False,567,False,567,False,567,False
ILSVRC2012_val_00030273.png,568,568,810,True,910,True,910,True,927,True,910,True,927,True,910,True,568,False,568,False,568,False
ILSVRC2012_val_00027815.png,569,569,698,True,569,False,569,False,698,True,569,False,569,False,569,False,569,False,569,False,569,False
ILSVRC2012_val_00026865.png,570,570,820,True,570,False,570,False,570,False,570,False,570,False,570,False,570,False,570,False,570,False
ILSVRC2012_val_00009791.png,571,571,63,True,571,False,571,False,571,False,571,False,571,False,571,False,571,False,571,False,571,False
ILSVRC2012_val_00013436.png,572,572,572,False,572,False,572,False,572,False,572,False,572,False,572,False,572,False,572,False,572,False
ILSVRC2012_val_00049793.png,573,573,185,True,442,True,442,True,442,True,442,True,442,True,442,True,573,False,573,False,573,False
ILSVRC2012_val_00042017.png,574,574,752,True,574,False,574,False,451,True,451,True,574,False,451,True,574,False,574,False,574,False
ILSVRC2012_val_00013633.png,575,575,575,False,575,False,575,False,575,False,575,False,575,False,575,False,575,False,575,False,575,False
ILSVRC2012_val_00012668.png,576,576,576,False,576,False,576,False,576,False,576,False,576,False,576,False,576,False,576,False,576,False
ILSVRC2012_val_00010337.png,577,577,550,True,577,False,577,False,577,False,577,False,577,False,577,False,577,False,577,False,577,False
ILSVRC2012_val_00002032.png,578,578,809,True,578,False,809,True,578,False,578,False,578,False,578,False,495,True,578,False,578,False
ILSVRC2012_val_00047427.png,579,412,412,True,412,True,412,True,670,True,670,True,412,True,412,True,579,False,579,False,579,False
ILSVRC2012_val_00016899.png,580,580,765,True,580,False,580,False,580,False,580,False,580,False,580,False,580,False,580,False,580,False
ILSVRC2012_val_00021681.png,581,581,859,True,581,False,581,False,581,False,581,False,581,False,581,False,581,False,581,False,581,False
ILSVRC2012_val_00021911.png,582,582,954,True,582,False,582,False,582,False,582,False,582,False,582,False,582,False,582,False,582,False
ILSVRC2012_val_00035884.png,583,583,956,True,583,False,583,False,583,False,583,False,583,False,583,False,583,False,583,False,583,False
ILSVRC2012_val_00041424.png,584,584,858,True,584,False,584,False,584,False,584,False,584,False,584,False,584,False,584,False,584,False
ILSVRC2012_val_00038731.png,585,585,585,False,585,False,585,False,585,False,585,False,585,False,585,False,585,False,585,False,585,False
ILSVRC2012_val_00005670.png,586,586,972,True,425,True,972,True,586,False,586,False,590,True,972,True,586,False,586,False,586,False
ILSVRC2012_val_00028658.png,587,587,848,True,587,False,848,True,587,False,587,False,848,True,848,True,848,True,587,False,848,True
ILSVRC2012_val_00032002.png,588,588,183,True,588,False,588,False,588,False,588,False,588,False,588,False,588,False,588,False,588,False
ILSVRC2012_val_00049590.png,589,589,432,True,791,True,517,True,517,True,432,True,517,True,517,True,589,False,589,False,791,True
ILSVRC2012_val_00007124.png,590,590,701,True,590,False,590,False,590,False,590,False,590,False,590,False,590,False,590,False,590,False
ILSVRC2012_val_00003188.png,591,591,701,True,419,True,419,True,591,False,591,False,591,False,768,True,591,False,591,False,591,False
ILSVRC2012_val_00044989.png,592,592,612,True,592,False,592,False,592,False,592,False,592,False,592,False,592,False,592,False,592,False
ILSVRC2012_val_00038630.png,593,593,593,False,593,False,593,False,593,False,593,False,593,False,593,False,593,False,593,False,593,False
ILSVRC2012_val_00030826.png,594,594,814,True,594,False,594,False,594,False,594,False,594,False,594,False,594,False,594,False,594,False
ILSVRC2012_val_00039186.png,595,595,595,False,595,False,595,False,595,False,595,False,595,False,595,False,595,False,595,False,595,False
ILSVRC2012_val_00046905.png,596,596,857,True,731,True,596,False,867,True,867,True,596,False,596,False,596,False,789,True,867,True
ILSVRC2012_val_00038419.png,597,597,825,True,597,False,597,False,597,False,597,False,597,False,597,False,597,False,597,False,597,False
ILSVRC2012_val_00035955.png,598,598,775,True,598,False,775,True,598,False,598,False,775,True,775,True,598,False,598,False,598,False
ILSVRC2012_val_00025117.png,599,599,483,True,633,True,633,True,483,True,483,True,599,False,599,False,599,False,599,False,599,False
ILSVRC2012_val_00036530.png,600,600,193,True,600,False,600,False,600,False,600,False,600,False,600,False,600,False,600,False,600,False
ILSVRC2012_val_00000575.png,601,601,719,True,601,False,601,False,601,False,709,True,518,True,601,False,601,False,601,False,601,False
ILSVRC2012_val_00021106.png,602,602,983,True,458,True,602,False,602,False,602,False,602,False,602,False,602,False,458,True,602,False
ILSVRC2012_val_00014669.png,603,603,647,True,603,False,603,False,603,False,603,False,603,False,603,False,603,False,603,False,603,False
ILSVRC2012_val_00013067.png,604,604,720,True,691,True,691,True,691,True,604,False,691,True,691,True,604,False,604,False,604,False
ILSVRC2012_val_00048860.png,605,605,110,True,605,False,605,False,605,False,605,False,605,False,605,False,605,False,605,False,605,False
ILSVRC2012_val_00030161.png,606,606,624,True,606,False,606,False,606,False,606,False,606,False,606,False,606,False,606,False,606,False
ILSVRC2012_val_00029840.png,607,607,607,False,607,False,607,False,607,False,607,False,607,False,607,False,119,True,607,False,607,False
ILSVRC2012_val_00009971.png,608,608,751,True,608,False,608,False,608,False,608,False,608,False,608,False,608,False,608,False,608,False
ILSVRC2012_val_00032573.png,609,609,515,True,609,False,609,False,609,False,609,False,609,False,609,False,609,False,609,False,609,False
ILSVRC2012_val_00026466.png,610,610,865,True,610,False,610,False,610,False,610,False,610,False,610,False,610,False,610,False,610,False
ILSVRC2012_val_00004520.png,611,611,825,True,842,True,611,False,611,False,611,False,842,True,611,False,611,False,611,False,611,False
ILSVRC2012_val_00017238.png,612,612,444,True,612,False,612,False,612,False,612,False,722,True,612,False,612,False,612,False,612,False
ILSVRC2012_val_00043161.png,613,613,789,True,613,False,613,False,613,False,613,False,613,False,613,False,613,False,613,False,613,False
ILSVRC2012_val_00003233.png,614,674,110,True,674,True,616,True,674,True,598,True,616,True,598,True,119,True,614,False,674,True
ILSVRC2012_val_00049234.png,615,615,429,True,615,False,615,False,615,False,615,False,615,False,615,False,615,False,615,False,615,False
ILSVRC2012_val_00048489.png,616,616,497,True,616,False,616,False,616,False,616,False,616,False,616,False,616,False,616,False,616,False
ILSVRC2012_val_00009095.png,617,617,617,False,617,False,617,False,617,False,617,False,617,False,617,False,617,False,617,False,617,False
ILSVRC2012_val_00038063.png,618,618,510,True,510,True,698,True,698,True,475,True,698,True,510,True,618,False,510,True,861,True
ILSVRC2012_val_00046392.png,619,619,543,True,619,False,619,False,619,False,878,True,619,False,759,True,619,False,619,False,619,False
ILSVRC2012_val_00044447.png,620,620,344,True,462,True,729,True,620,False,670,True,670,True,670,True,620,False,620,False,620,False
ILSVRC2012_val_00038104.png,621,621,665,True,621,False,509,True,621,False,540,True,621,False,621,False,621,False,621,False,621,False
ILSVRC2012_val_00009771.png,622,622,731,True,622,False,622,False,622,False,622,False,622,False,622,False,622,False,622,False,622,False
ILSVRC2012_val_00036313.png,623,623,505,True,623,False,623,False,623,False,623,False,623,False,623,False,623,False,623,False,623,False
ILSVRC2012_val_00024027.png,624,624,807,True,624,False,624,False,624,False,624,False,624,False,624,False,624,False,624,False,624,False
ILSVRC2012_val_00027584.png,625,625,763,True,625,False,625,False,625,False,625,False,625,False,625,False,625,False,625,False,625,False
ILSVRC2012_val_00042196.png,626,626,626,False,626,False,626,False,626,False,626,False,626,False,626,False,626,False,626,False,626,False
ILSVRC2012_val_00005722.png,627,627,711,True,627,False,711,True,627,False,711,True,711,True,711,True,627,False,627,False,627,False
ILSVRC2012_val_00039264.png,628,628,816,True,628,False,628,False,628,False,628,False,628,False,628,False,628,False,628,False,628,False
ILSVRC2012_val_00002093.png,629,629,511,True,629,False,629,False,629,False,629,False,629,False,629,False,629,False,629,False,629,False
ILSVRC2012_val_00030534.png,630,630,630,False,630,False,630,False,630,False,630,False,630,False,630,False,630,False,630,False,630,False
ILSVRC2012_val_00021725.png,631,631,776,True,884,True,515,True,807,True,807,True,515,True,807,True,631,False,631,False,631,False
ILSVRC2012_val_00045590.png,632,632,839,True,632,False,632,False,632,False,632,False,632,False,632,False,632,False,632,False,632,False
ILSVRC2012_val_00010819.png,633,633,483,True,633,False,633,False,633,False,633,False,633,False,633,False,633,False,633,False,633,False
ILSVRC2012_val_00044571.png,634,634,829,True,634,False,634,False,634,False,634,False,634,False,634,False,634,False,634,False,634,False
ILSVRC2012_val_00022675.png,635,635,972,True,422,True,670,True,830,True,566,True,566,True,566,True,635,False,635,False,635,False
ILSVRC2012_val_00032353.png,636,636,686,True,636,False,636,False,686,True,636,False,686,True,410,True,636,False,636,False,636,False
ILSVRC2012_val_00027741.png,637,749,458,True,637,False,637,False,749,True,637,False,637,False,637,False,637,False,749,True,637,False
ILSVRC2012_val_00011151.png,638,638,435,True,638,False,638,False,709,True,638,False,638,False,638,False,638,False,638,False,638,False
ILSVRC2012_val_00007053.png,639,639,578,True,578,True,613,True,843,True,844,True,639,False,640,True,640,True,613,True,639,False
ILSVRC2012_val_00017142.png,640,640,501,True,501,True,501,True,501,True,501,True,501,True,515,True,640,False,640,False,640,False
ILSVRC2012_val_00048354.png,641,641,612,True,641,False,641,False,641,False,641,False,641,False,641,False,641,False,641,False,641,False
ILSVRC2012_val_00026768.png,642,642,110,True,642,False,642,False,642,False,642,False,642,False,642,False,642,False,642,False,642,False
ILSVRC2012_val_00040861.png,643,643,487,True,643,False,643,False,643,False,643,False,643,False,643,False,643,False,643,False,643,False
ILSVRC2012_val_00016941.png,644,644,680,True,644,False,644,False,644,False,644,False,644,False,644,False,644,False,644,False,644,False
ILSVRC2012_val_00041898.png,645,645,376,True,369,True,371,True,905,True,342,True,905,True,376,True,543,True,645,False,645,False
ILSVRC2012_val_00021102.png,646,646,866,True,788,True,788,True,788,True,788,True,788,True,457,True,646,False,646,False,646,False
ILSVRC2012_val_00044403.png,647,647,647,False,647,False,647,False,647,False,647,False,647,False,647,False,647,False,647,False,647,False
ILSVRC2012_val_00007887.png,648,648,967,True,972,True,573,True,972,True,573,True,967,True,573,True,648,False,648,False,648,False
ILSVRC2012_val_00020086.png,649,649,751,True,435,True,435,True,435,True,435,True,959,True,520,True,649,False,649,False,649,False
ILSVRC2012_val_00018372.png,650,650,650,False,650,False,650,False,650,False,650,False,650,False,650,False,52,True,650,False,650,False
ILSVRC2012_val_00031013.png,651,618,618,True,618,True,651,False,651,False,651,False,651,False,651,False,651,False,618,True,651,False
ILSVRC2012_val_00008779.png,652,652,800,True,800,True,800,True,800,True,652,False,652,False,652,False,652,False,652,False,652,False
ILSVRC2012_val_00043287.png,653,653,829,True,653,False,829,True,653,False,653,False,653,False,829,True,653,False,653,False,653,False
ILSVRC2012_val_00036896.png,654,654,884,True,654,False,654,False,654,False,654,False,654,False,654,False,654,False,654,False,654,False
ILSVRC2012_val_00027157.png,655,655,408,True,655,False,735,True,408,True,655,False,655,False,735,True,655,False,655,False,655,False
ILSVRC2012_val_00010375.png,656,656,584,True,595,True,584,True,584,True,584,True,584,True,584,True,656,False,584,True,656,False
ILSVRC2012_val_00044089.png,657,657,469,True,437,True,469,True,437,True,469,True,437,True,437,True,657,False,657,False,437,True
ILSVRC2012_val_00026052.png,658,658,793,True,616,True,415,True,566,True,415,True,466,True,831,True,658,False,658,False,658,False
ILSVRC2012_val_00034524.png,659,659,64,True,807,True,807,True,659,False,807,True,659,False,659,False,659,False,659,False,659,False
ILSVRC2012_val_00029594.png,660,660,479,True,660,False,660,False,660,False,660,False,660,False,660,False,660,False,660,False,660,False
ILSVRC2012_val_00035097.png,661,661,610,True,661,False,661,False,657,True,661,False,661,False,661,False,661,False,661,False,661,False
ILSVRC2012_val_00029553.png,662,662,653,True,662,False,662,False,662,False,662,False,662,False,662,False,662,False,662,False,662,False
ILSVRC2012_val_00025706.png,663,663,110,True,674,True,614,True,590,True,663,False,663,False,663,False,651,True,663,False,663,False
ILSVRC2012_val_00029842.png,664,664,484,True,664,False,484,True,484,True,484,True,484,True,664,False,664,False,664,False,664,False
ILSVRC2012_val_00049784.png,665,665,767,True,652,True,528,True,688,True,852,True,887,True,767,True,665,False,665,False,599,True
ILSVRC2012_val_00004104.png,666,671,445,True,666,False,666,False,666,False,666,False,666,False,666,False,666,False,666,False,671,True
ILSVRC2012_val_00014930.png,667,667,88,True,667,False,667,False,667,False,435,True,667,False,667,False,667,False,667,False,667,False
ILSVRC2012_val_00044851.png,668,668,825,True,668,False,912,True,668,False,668,False,668,False,668,False,668,False,668,False,668,False
ILSVRC2012_val_00031119.png,669,669,699,True,699,True,669,False,699,True,699,True,669,False,669,False,669,False,669,False,669,False
ILSVRC2012_val_00000859.png,670,670,432,True,670,False,670,False,670,False,670,False,670,False,670,False,670,False,670,False,670,False
ILSVRC2012_val_00022401.png,671,671,672,True,671,False,666,True,671,False,666,True,671,False,671,False,671,False,671,False,671,False
ILSVRC2012_val_00042426.png,672,672,881,True,672,False,672,False,672,False,672,False,672,False,672,False,672,False,672,False,672,False
ILSVRC2012_val_00045084.png,673,673,284,True,259,True,673,False,673,False,673,False,673,False,280,True,673,False,673,False,673,False
ILSVRC2012_val_00045539.png,674,674,218,True,701,True,284,True,674,False,674,False,677,True,218,True,674,False,674,False,674,False
ILSVRC2012_val_00020103.png,675,675,749,True,675,False,675,False,331,True,331,True,675,False,675,False,675,False,675,False,675,False
ILSVRC2012_val_00009793.png,676,676,479,True,676,False,554,True,520,True,676,False,566,True,676,False,676,False,676,False,676,False
ILSVRC2012_val_00021342.png,677,677,569,True,677,False,677,False,677,False,677,False,677,False,677,False,677,False,677,False,677,False
ILSVRC2012_val_00004229.png,678,678,85,True,59,True,601,True,349,True,50,True,601,True,678,False,678,False,678,False,678,False
ILSVRC2012_val_00023271.png,679,679,809,True,679,False,543,True,679,False,679,False,679,False,679,False,679,False,679,False,679,False
ILSVRC2012_val_00019174.png,680,680,493,True,680,False,680,False,680,False,680,False,680,False,680,False,680,False,680,False,680,False
ILSVRC2012_val_00000540.png,681,681,110,True,77,True,713,True,869,True,869,True,585,True,681,False,692,True,681,False,712,True
ILSVRC2012_val_00015715.png,682,682,852,True,682,False,528,True,652,True,621,True,621,True,621,True,682,False,682,False,682,False
ILSVRC2012_val_00017506.png,683,683,438,True,683,False,683,False,683,False,683,False,683,False,683,False,683,False,683,False,683,False
ILSVRC2012_val_00020445.png,684,684,559,True,684,False,684,False,684,False,684,False,684,False,684,False,684,False,684,False,684,False
ILSVRC2012_val_00031571.png,685,685,697,True,685,False,685,False,685,False,685,False,685,False,685,False,685,False,685,False,685,False
ILSVRC2012_val_00008691.png,686,686,686,False,686,False,686,False,686,False,686,False,686,False,686,False,686,False,686,False,686,False
ILSVRC2012_val_00046519.png,687,687,869,True,114,True,774,True,114,True,774,True,774,True,441,True,687,False,441,True,687,False
ILSVRC2012_val_00009172.png,688,688,348,True,688,False,688,False,688,False,688,False,688,False,688,False,688,False,688,False,688,False
ILSVRC2012_val_00005023.png,689,689,420,True,689,False,689,False,689,False,689,False,689,False,689,False,689,False,689,False,689,False
ILSVRC2012_val_00041091.png,690,690,825,True,690,False,690,False,690,False,690,False,690,False,825,True,690,False,690,False,690,False
ILSVRC2012_val_00014640.png,691,691,275,True,354,True,354,True,350,True,354,True,354,True,350,True,354,True,354,True,354,True
ILSVRC2012_val_00039176.png,692,692,644,True,692,False,692,False,692,False,571,True,692,False,571,True,692,False,692,False,692,False
ILSVRC2012_val_00019016.png,693,693,459,True,459,True,923,True,923,True,923,True,923,True,459,True,693,False,693,False,693,False
ILSVRC2012_val_00016218.png,694,694,753,True,694,False,694,False,694,False,694,False,694,False,694,False,694,False,694,False,694,False
ILSVRC2012_val_00032590.png,695,695,978,True,461,True,695,False,695,False,976,True,461,True,695,False,695,False,695,False,695,False
ILSVRC2012_val_00025473.png,696,696,465,True,696,False,696,False,696,False,696,False,696,False,696,False,696,False,696,False,696,False
ILSVRC2012_val_00005694.png,697,697,778,True,645,True,329,True,624,True,785,True,624,True,697,False,697,False,697,False,697,False
ILSVRC2012_val_00028828.png,698,698,88,True,698,False,698,False,698,False,698,False,698,False,698,False,698,False,698,False,698,False
ILSVRC2012_val_00023227.png,699,699,972,True,699,False,699,False,699,False,699,False,699,False,699,False,699,False,699,False,699,False
ILSVRC2012_val_00047439.png,700,700,641,True,700,False,700,False,700,False,700,False,700,False,700,False,700,False,700,False,700,False
ILSVRC2012_val_00013889.png,701,701,916,True,1000,True,701,False,701,False,701,False,701,False,701,False,701,False,1000,True,701,False
ILSVRC2012_val_00007616.png,702,702,110,True,702,False,702,False,702,False,702,False,702,False,702,False,702,False,702,False,702,False
ILSVRC2012_val_00011647.png,703,703,722,True,773,True,535,True,535,True,535,True,773,True,773,True,703,False,603,True,703,False
ILSVRC2012_val_00032798.png,704,704,651,True,704,False,704,False,704,False,704,False,704,False,704,False,704,False,704,False,704,False
ILSVRC2012_val_00028312.png,705,705,598,True,705,False,705,False,598,True,705,False,705,False,705,False,705,False,705,False,705,False
ILSVRC2012_val_00024310.png,706,706,481,True,758,True,758,True,481,True,758,True,758,True,758,True,706,False,706,False,706,False
ILSVRC2012_val_00048451.png,707,707,537,True,707,False,707,False,719,True,707,False,719,True,707,False,707,False,707,False,707,False
ILSVRC2012_val_00041733.png,708,708,607,True,708,False,708,False,708,False,883,True,708,False,708,False,708,False,708,False,708,False
ILSVRC2012_val_00034875.png,709,683,650,True,650,True,709,False,709,False,683,True,709,False,683,True,709,False,709,False,683,True
ILSVRC2012_val_00043488.png,710,710,749,True,749,True,710,False,710,False,749,True,710,False,710,False,710,False,710,False,710,False
ILSVRC2012_val_00022443.png,711,711,435,True,415,True,1000,True,627,True,627,True,435,True,711,False,711,False,711,False,711,False
ILSVRC2012_val_00047385.png,712,712,520,True,402,True,627,True,812,True,627,True,712,False,627,True,712,False,712,False,712,False
ILSVRC2012_val_00047393.png,713,713,729,True,862,True,460,True,972,True,453,True,644,True,888,True,972,True,713,False,713,False
ILSVRC2012_val_00024977.png,714,714,557,True,488,True,481,True,652,True,741,True,557,True,481,True,714,False,714,False,714,False
ILSVRC2012_val_00029992.png,715,715,589,True,715,False,894,True,722,True,715,False,715,False,715,False,715,False,715,False,715,False
ILSVRC2012_val_00045639.png,716,716,653,True,716,False,716,False,716,False,716,False,716,False,716,False,716,False,716,False,716,False
ILSVRC2012_val_00034416.png,717,717,647,True,717,False,717,False,717,False,717,False,717,False,717,False,717,False,717,False,717,False
ILSVRC2012_val_00033589.png,718,718,780,True,718,False,718,False,718,False,718,False,718,False,718,False,718,False,718,False,718,False
ILSVRC2012_val_00029034.png,719,719,449,True,719,False,744,True,719,False,719,False,719,False,719,False,719,False,719,False,719,False
ILSVRC2012_val_00029449.png,720,720,644,True,685,True,685,True,470,True,685,True,644,True,644,True,720,False,720,False,720,False
ILSVRC2012_val_00003066.png,721,721,552,True,768,True,552,True,552,True,681,True,713,True,552,True,721,False,721,False,721,False
ILSVRC2012_val_00033701.png,722,722,432,True,722,False,751,True,722,False,751,True,751,True,722,False,722,False,722,False,722,False
ILSVRC2012_val_00033175.png,723,723,891,True,723,False,723,False,723,False,723,False,723,False,723,False,723,False,723,False,723,False
ILSVRC2012_val_00027597.png,724,724,724,False,724,False,724,False,724,False,724,False,724,False,724,False,724,False,724,False,724,False
ILSVRC2012_val_00037776.png,725,725,702,True,725,False,725,False,725,False,725,False,725,False,725,False,725,False,725,False,725,False
ILSVRC2012_val_00018614.png,726,726,542,True,884,True,884,True,884,True,726,False,726,False,726,False,884,True,850,True,726,False
ILSVRC2012_val_00008288.png,727,727,435,True,727,False,727,False,727,False,727,False,727,False,727,False,727,False,727,False,727,False
ILSVRC2012_val_00019396.png,728,728,538,True,728,False,728,False,728,False,728,False,728,False,728,False,728,False,728,False,728,False
ILSVRC2012_val_00035198.png,729,729,670,True,729,False,729,False,670,True,729,False,670,True,729,False,729,False,729,False,729,False
ILSVRC2012_val_00022290.png,730,730,68,True,730,False,730,False,730,False,730,False,730,False,730,False,730,False,730,False,730,False
ILSVRC2012_val_00038945.png,731,731,661,True,867,True,867,True,867,True,867,True,867,True,867,True,867,True,867,True,867,True
ILSVRC2012_val_00006905.png,732,732,884,True,544,True,709,True,614,True,614,True,614,True,709,True,732,False,732,False,732,False
ILSVRC2012_val_00014850.png,733,733,760,True,733,False,733,False,733,False,760,True,760,True,733,False,733,False,733,False,733,False
ILSVRC2012_val_00038951.png,734,603,813,True,603,True,603,True,603,True,603,True,417,True,603,True,603,True,603,True,734,False
ILSVRC2012_val_00020853.png,735,735,250,True,735,False,735,False,735,False,735,False,735,False,735,False,735,False,735,False,735,False
ILSVRC2012_val_00030147.png,736,736,912,True,736,False,736,False,736,False,736,False,736,False,736,False,736,False,736,False,736,False
ILSVRC2012_val_00046005.png,737,737,737,False,737,False,737,False,737,False,737,False,737,False,737,False,737,False,737,False,737,False
ILSVRC2012_val_00030143.png,738,738,464,True,738,False,738,False,738,False,738,False,738,False,738,False,738,False,738,False,738,False
ILSVRC2012_val_00016454.png,739,739,464,True,739,False,53,True,739,False,739,False,739,False,739,False,739,False,739,False,739,False
ILSVRC2012_val_00026538.png,740,740,573,True,740,False,740,False,740,False,740,False,740,False,740,False,740,False,740,False,740,False
ILSVRC2012_val_00018033.png,741,741,469,True,752,True,741,False,481,True,752,True,752,True,519,True,519,True,741,False,741,False
ILSVRC2012_val_00005875.png,742,742,742,False,742,False,742,False,742,False,742,False,742,False,742,False,742,False,742,False,742,False
ILSVRC2012_val_00009689.png,743,743,749,True,557,True,743,False,652,True,772,True,812,True,652,True,743,False,743,False,743,False
ILSVRC2012_val_00006546.png,744,744,647,True,744,False,744,False,885,True,744,False,744,False,744,False,744,False,744,False,744,False
ILSVRC2012_val_00009588.png,745,745,637,True,472,True,472,True,472,True,472,True,472,True,472,True,745,False,745,False,745,False
ILSVRC2012_val_00041303.png,746,746,746,False,746,False,746,False,746,False,746,False,746,False,746,False,746,False,746,False,746,False
ILSVRC2012_val_00027603.png,747,747,582,True,747,False,747,False,747,False,747,False,747,False,747,False,747,False,747,False,747,False
ILSVRC2012_val_00032395.png,748,748,812,True,748,False,748,False,748,False,748,False,748,False,748,False,748,False,748,False,748,False
ILSVRC2012_val_00039205.png,749,637,598,True,749,False,749,False,749,False,749,False,749,False,749,False,749,False,749,False,749,False
ILSVRC2012_val_00023962.png,750,750,845,True,712,True,750,False,750,False,750,False,750,False,750,False,750,False,513,True,750,False
ILSVRC2012_val_00044687.png,751,751,710,True,710,True,751,False,751,False,751,False,751,False,751,False,751,False,751,False,751,False
ILSVRC2012_val_00006738.png,752,752,798,True,512,True,512,True,512,True,752,False,752,False,752,False,469,True,469,True,752,False
ILSVRC2012_val_00046313.png,753,753,701,True,753,False,647,True,647,True,647,True,753,False,647,True,753,False,753,False,753,False
ILSVRC2012_val_00031556.png,754,754,770,True,754,False,754,False,754,False,754,False,754,False,754,False,754,False,754,False,754,False
ILSVRC2012_val_00034715.png,755,755,479,True,812,True,557,True,812,True,652,True,755,False,812,True,755,False,755,False,755,False
ILSVRC2012_val_00043638.png,756,756,756,False,756,False,756,False,756,False,756,False,756,False,756,False,756,False,756,False,756,False
ILSVRC2012_val_00025514.png,757,757,471,True,741,True,590,True,666,True,883,True,698,True,741,True,590,True,757,False,762,True
ILSVRC2012_val_00021353.png,758,758,655,True,758,False,758,False,758,False,758,False,758,False,758,False,758,False,758,False,758,False
ILSVRC2012_val_00017567.png,759,759,488,True,759,False,759,False,759,False,759,False,759,False,759,False,759,False,759,False,759,False
ILSVRC2012_val_00035133.png,760,760,578,True,760,False,760,False,760,False,760,False,760,False,760,False,760,False,760,False,760,False
ILSVRC2012_val_00038840.png,761,761,674,True,761,False,761,False,761,False,904,True,416,True,761,False,761,False,761,False,761,False
ILSVRC2012_val_00022985.png,762,762,591,True,762,False,762,False,762,False,762,False,762,False,762,False,762,False,762,False,762,False
ILSVRC2012_val_00038151.png,763,763,669,True,763,False,763,False,763,False,763,False,763,False,763,False,763,False,763,False,763,False
ILSVRC2012_val_00038575.png,764,764,110,True,764,False,764,False,764,False,764,False,764,False,764,False,764,False,764,False,764,False
ILSVRC2012_val_00017615.png,765,765,764,True,765,False,765,False,765,False,765,False,765,False,765,False,765,False,765,False,765,False
ILSVRC2012_val_00047789.png,766,766,704,True,766,False,766,False,766,False,766,False,766,False,766,False,766,False,766,False,766,False
ILSVRC2012_val_00014839.png,767,767,550,True,767,False,767,False,767,False,767,False,767,False,767,False,767,False,767,False,767,False
ILSVRC2012_val_00001911.png,768,768,726,True,597,True,597,True,611,True,611,True,611,True,597,True,768,False,768,False,588,True
ILSVRC2012_val_00002555.png,769,769,523,True,769,False,616,True,530,True,616,True,806,True,769,False,769,False,769,False,769,False
ILSVRC2012_val_00003900.png,770,770,447,True,770,False,770,False,770,False,770,False,770,False,770,False,770,False,770,False,770,False
ILSVRC2012_val_00035596.png,771,771,983,True,771,False,771,False,771,False,771,False,771,False,771,False,771,False,771,False,771,False
ILSVRC2012_val_00029765.png,772,772,479,True,772,False,772,False,772,False,772,False,772,False,772,False,772,False,772,False,772,False
ILSVRC2012_val_00033544.png,773,773,435,True,773,False,773,False,773,False,773,False,773,False,773,False,773,False,773,False,773,False
ILSVRC2012_val_00002342.png,774,774,503,True,552,True,715,True,715,True,721,True,715,True,723,True,774,False,774,False,774,False
ILSVRC2012_val_00027771.png,775,775,631,True,775,False,775,False,775,False,775,False,775,False,775,False,775,False,775,False,775,False
ILSVRC2012_val_00029271.png,776,776,639,True,776,False,776,False,776,False,776,False,776,False,776,False,776,False,776,False,776,False
ILSVRC2012_val_00014003.png,777,777,433,True,777,False,433,True,777,False,777,False,777,False,777,False,777,False,777,False,777,False
ILSVRC2012_val_00021220.png,778,778,585,True,778,False,624,True,778,False,778,False,778,False,624,True,624,True,624,True,624,True
ILSVRC2012_val_00012529.png,779,779,732,True,779,False,779,False,779,False,779,False,779,False,779,False,779,False,779,False,779,False
ILSVRC2012_val_00025461.png,780,780,875,True,875,True,875,True,875,True,875,True,875,True,875,True,875,True,875,True,780,False
ILSVRC2012_val_00007978.png,781,781,725,True,781,False,781,False,781,False,781,False,781,False,781,False,119,True,781,False,781,False
ILSVRC2012_val_00017213.png,782,782,455,True,782,False,782,False,782,False,782,False,782,False,455,True,782,False,782,False,782,False
ILSVRC2012_val_00031567.png,783,783,751,True,652,True,652,True,652,True,652,True,652,True,652,True,652,True,652,True,783,False
ILSVRC2012_val_00046660.png,784,784,954,True,784,False,784,False,784,False,784,False,784,False,784,False,784,False,784,False,784,False
ILSVRC2012_val_00039125.png,785,785,641,True,785,False,785,False,785,False,785,False,785,False,785,False,785,False,785,False,785,False
ILSVRC2012_val_00009975.png,786,786,809,True,786,False,468,True,468,True,468,True,786,False,416,True,786,False,786,False,786,False
ILSVRC2012_val_00037519.png,787,787,787,False,787,False,787,False,787,False,787,False,787,False,787,False,787,False,787,False,787,False
ILSVRC2012_val_00024024.png,788,788,525,True,525,True,788,False,525,True,525,True,462,True,525,True,788,False,788,False,788,False
ILSVRC2012_val_00044973.png,789,789,887,True,789,False,789,False,789,False,789,False,789,False,789,False,789,False,789,False,789,False
ILSVRC2012_val_00001632.png,790,790,878,True,790,False,906,True,906,True,906,True,790,False,906,True,790,False,790,False,790,False
ILSVRC2012_val_00028558.png,791,791,791,False,791,False,791,False,791,False,791,False,791,False,791,False,791,False,791,False,791,False
ILSVRC2012_val_00010406.png,792,792,517,True,792,False,792,False,792,False,792,False,792,False,792,False,792,False,792,False,792,False
ILSVRC2012_val_00020523.png,793,793,285,True,287,True,793,False,204,True,365,True,793,False,670,True,793,False,793,False,793,False
ILSVRC2012_val_00027144.png,794,794,505,True,571,True,592,True,794,False,698,True,679,True,497,True,679,True,679,True,679,True
ILSVRC2012_val_00033918.png,795,795,888,True,795,False,795,False,795,False,795,False,795,False,795,False,795,False,795,False,795,False
ILSVRC2012_val_00024679.png,796,796,971,True,873,True,796,False,971,True,971,True,796,False,796,False,796,False,796,False,796,False
ILSVRC2012_val_00011305.png,797,797,825,True,797,False,797,False,797,False,797,False,797,False,797,False,797,False,797,False,797,False
ILSVRC2012_val_00045067.png,798,798,264,True,798,False,798,False,798,False,798,False,798,False,798,False,798,False,238,True,798,False
ILSVRC2012_val_00006464.png,799,799,799,False,799,False,799,False,799,False,799,False,799,False,799,False,799,False,799,False,799,False
ILSVRC2012_val_00029411.png,800,800,888,True,906,True,565,True,670,True,565,True,670,True,800,False,800,False,800,False,800,False
ILSVRC2012_val_00013787.png,801,801,801,False,801,False,801,False,801,False,801,False,801,False,801,False,801,False,801,False,801,False
ILSVRC2012_val_00010908.png,802,802,640,True,802,False,802,False,802,False,802,False,802,False,802,False,802,False,802,False,802,False
ILSVRC2012_val_00009236.png,803,803,612,True,803,False,803,False,803,False,803,False,803,False,803,False,803,False,803,False,803,False
ILSVRC2012_val_00014617.png,804,804,570,True,804,False,804,False,804,False,804,False,804,False,804,False,804,False,804,False,804,False
ILSVRC2012_val_00005424.png,805,805,471,True,419,True,846,True,681,True,478,True,648,True,681,True,805,False,846,True,846,True
ILSVRC2012_val_00024334.png,806,806,575,True,806,False,806,False,806,False,806,False,806,False,806,False,806,False,806,False,806,False
ILSVRC2012_val_00031652.png,807,807,659,True,807,False,807,False,807,False,807,False,807,False,807,False,807,False,807,False,807,False
ILSVRC2012_val_00028650.png,808,808,881,True,857,True,808,False,808,False,808,False,808,False,808,False,808,False,808,False,808,False
ILSVRC2012_val_00020420.png,809,809,656,True,809,False,809,False,809,False,751,True,825,True,736,True,809,False,809,False,809,False
ILSVRC2012_val_00001296.png,810,810,953,True,953,True,953,True,810,False,949,True,953,True,949,True,926,True,926,True,810,False
ILSVRC2012_val_00030759.png,811,879,879,True,879,True,879,True,811,False,811,False,879,True,811,False,811,False,811,False,811,False
ILSVRC2012_val_00040031.png,812,812,592,True,812,False,812,False,812,False,812,False,812,False,812,False,812,False,812,False,812,False
ILSVRC2012_val_00004703.png,813,813,742,True,645,True,863,True,658,True,658,True,813,False,813,False,813,False,813,False,813,False
ILSVRC2012_val_00003369.png,814,814,299,True,416,True,767,True,659,True,659,True,767,True,767,True,892,True,814,False,814,False
ILSVRC2012_val_00042203.png,815,815,665,True,852,True,815,False,815,False,815,False,815,False,815,False,815,False,815,False,815,False
ILSVRC2012_val_00048313.png,816,816,13,True,816,False,816,False,816,False,816,False,816,False,816,False,816,False,816,False,816,False
ILSVRC2012_val_00034139.png,817,817,110,True,127,True,79,True,127,True,809,True,817,False,315,True,817,False,817,False,817,False
ILSVRC2012_val_00049675.png,818,818,469,True,818,False,818,False,512,True,512,True,818,False,818,False,818,False,818,False,818,False
ILSVRC2012_val_00018294.png,819,819,644,True,819,False,516,True,400,True,516,True,516,True,448,True,819,False,819,False,819,False
ILSVRC2012_val_00043679.png,820,820,819,True,820,False,820,False,820,False,820,False,820,False,820,False,633,True,820,False,820,False
ILSVRC2012_val_00000544.png,821,821,830,True,821,False,821,False,821,False,821,False,821,False,821,False,821,False,821,False,821,False
ILSVRC2012_val_00012942.png,822,822,461,True,822,False,822,False,822,False,822,False,822,False,822,False,822,False,822,False,822,False
ILSVRC2012_val_00015062.png,823,823,595,True,823,False,823,False,823,False,823,False,823,False,823,False,823,False,823,False,823,False
ILSVRC2012_val_00045154.png,824,824,110,True,824,False,824,False,824,False,824,False,824,False,824,False,824,False,824,False,824,False
ILSVRC2012_val_00026365.png,825,825,736,True,825,False,825,False,736,True,736,True,736,True,736,True,825,False,736,True,825,False
ILSVRC2012_val_00008677.png,826,826,362,True,362,True,363,True,105,True,362,True,826,False,362,True,826,False,826,False,826,False
ILSVRC2012_val_00025757.png,827,827,532,True,827,False,827,False,827,False,427,True,827,False,827,False,827,False,827,False,827,False
ILSVRC2012_val_00001174.png,828,828,698,True,828,False,828,False,828,False,828,False,828,False,828,False,828,False,828,False,828,False
ILSVRC2012_val_00014495.png,829,829,963,True,829,False,829,False,829,False,829,False,829,False,829,False,829,False,829,False,829,False
ILSVRC2012_val_00033772.png,830,830,875,True,830,False,830,False,830,False,830,False,830,False,830,False,830,False,830,False,830,False
ILSVRC2012_val_00002731.png,831,831,364,True,831,False,831,False,831,False,831,False,831,False,831,False,831,False,831,False,831,False
ILSVRC2012_val_00047922.png,832,832,858,True,832,False,906,True,832,False,435,True,832,False,832,False,832,False,832,False,832,False
ILSVRC2012_val_00012967.png,833,833,437,True,833,False,833,False,833,False,833,False,833,False,833,False,833,False,833,False,833,False
ILSVRC2012_val_00034762.png,834,834,105,True,834,False,426,True,834,False,707,True,661,True,566,True,834,False,834,False,834,False
ILSVRC2012_val_00049025.png,835,835,870,True,835,False,835,False,835,False,835,False,835,False,835,False,835,False,835,False,835,False
ILSVRC2012_val_00037849.png,836,836,443,True,499,True,836,False,499,True,836,False,836,False,836,False,836,False,836,False,836,False
ILSVRC2012_val_00041874.png,837,837,749,True,837,False,837,False,838,True,838,True,838,True,837,False,838,True,837,False,837,False
ILSVRC2012_val_00019127.png,838,838,458,True,458,True,838,False,838,False,838,False,838,False,838,False,838,False,458,True,458,True
ILSVRC2012_val_00011004.png,839,839,412,True,701,True,1000,True,435,True,701,True,435,True,435,True,1000,True,839,False,839,False
ILSVRC2012_val_00041283.png,840,889,889,True,840,False,840,False,840,False,840,False,840,False,840,False,840,False,840,False,840,False
ILSVRC2012_val_00038364.png,841,841,794,True,841,False,841,False,912,True,912,True,841,False,841,False,841,False,841,False,841,False
ILSVRC2012_val_00002955.png,842,842,825,True,842,False,842,False,611,True,842,False,736,True,412,True,842,False,842,False,842,False
ILSVRC2012_val_00045851.png,843,843,802,True,843,False,843,False,843,False,843,False,843,False,843,False,843,False,843,False,843,False
ILSVRC2012_val_00044683.png,844,844,742,True,844,False,844,False,592,True,844,False,844,False,844,False,844,False,844,False,844,False
ILSVRC2012_val_00048738.png,845,845,772,True,845,False,845,False,845,False,845,False,845,False,845,False,845,False,845,False,845,False
ILSVRC2012_val_00028109.png,846,846,817,True,846,False,846,False,846,False,846,False,846,False,846,False,846,False,846,False,846,False
ILSVRC2012_val_00024312.png,847,847,701,True,847,False,847,False,847,False,847,False,847,False,847,False,847,False,847,False,847,False
ILSVRC2012_val_00034135.png,848,587,587,True,587,True,587,True,587,True,587,True,587,True,587,True,587,True,587,True,848,False
ILSVRC2012_val_00042077.png,849,849,784,True,486,True,849,False,849,False,849,False,849,False,849,False,606,True,488,True,849,False
ILSVRC2012_val_00049748.png,850,850,900,True,850,False,850,False,850,False,850,False,850,False,850,False,850,False,850,False,850,False
ILSVRC2012_val_00046628.png,851,866,939,True,939,True,939,True,851,False,851,False,866,True,851,False,851,False,851,False,851,False
ILSVRC2012_val_00022274.png,852,852,894,True,894,True,894,True,894,True,894,True,447,True,772,True,852,False,852,False,852,False
ILSVRC2012_val_00049400.png,853,853,853,False,853,False,853,False,853,False,853,False,853,False,853,False,853,False,853,False,853,False
ILSVRC2012_val_00046482.png,854,854,854,False,854,False,854,False,854,False,854,False,854,False,854,False,854,False,854,False,854,False
ILSVRC2012_val_00006662.png,855,855,732,True,855,False,855,False,855,False,855,False,855,False,855,False,855,False,855,False,855,False
ILSVRC2012_val_00011341.png,856,856,899,True,856,False,856,False,856,False,856,False,856,False,856,False,856,False,856,False,856,False
ILSVRC2012_val_00029312.png,857,857,871,True,857,False,857,False,857,False,857,False,857,False,857,False,857,False,857,False,857,False
ILSVRC2012_val_00004705.png,858,858,858,False,858,False,858,False,858,False,858,False,858,False,858,False,858,False,858,False,858,False
ILSVRC2012_val_00018247.png,859,859,859,False,859,False,859,False,859,False,859,False,859,False,859,False,859,False,859,False,859,False
ILSVRC2012_val_00040041.png,860,860,722,True,860,False,860,False,860,False,860,False,860,False,860,False,860,False,860,False,860,False
ILSVRC2012_val_00044655.png,861,861,478,True,499,True,572,True,861,False,425,True,425,True,861,False,861,False,861,False,861,False
ILSVRC2012_val_00033168.png,862,862,809,True,862,False,862,False,862,False,862,False,862,False,862,False,862,False,862,False,862,False
ILSVRC2012_val_00005528.png,863,863,215,True,863,False,557,True,828,True,863,False,60,True,828,True,863,False,863,False,863,False
ILSVRC2012_val_00000809.png,864,864,776,True,653,True,864,False,644,True,855,True,52,True,864,False,864,False,864,False,864,False
ILSVRC2012_val_00021814.png,865,865,735,True,865,False,865,False,865,False,408,True,865,False,865,False,865,False,865,False,865,False
ILSVRC2012_val_00000579.png,866,866,972,True,581,True,866,False,990,True,581,True,581,True,581,True,581,True,581,True,844,True
ILSVRC2012_val_00024074.png,867,867,865,True,867,False,867,False,867,False,867,False,867,False,867,False,867,False,867,False,867,False
ILSVRC2012_val_00018084.png,868,868,266,True,868,False,868,False,868,False,868,False,868,False,868,False,868,False,868,False,868,False
ILSVRC2012_val_00027040.png,869,869,542,True,869,False,869,False,869,False,869,False,869,False,869,False,869,False,869,False,869,False
ILSVRC2012_val_00024006.png,870,870,110,True,870,False,870,False,870,False,870,False,870,False,870,False,870,False,870,False,870,False
ILSVRC2012_val_00020297.png,871,871,851,True,616,True,616,True,871,False,871,False,871,False,666,True,871,False,871,False,871,False
ILSVRC2012_val_00005581.png,872,872,485,True,872,False,872,False,872,False,872,False,872,False,872,False,52,True,872,False,872,False
ILSVRC2012_val_00011069.png,873,873,776,True,414,True,873,False,653,True,831,True,873,False,873,False,873,False,873,False,873,False
ILSVRC2012_val_00030634.png,874,874,110,True,874,False,874,False,874,False,874,False,874,False,874,False,874,False,874,False,874,False
ILSVRC2012_val_00038949.png,875,875,780,True,875,False,875,False,875,False,875,False,875,False,875,False,875,False,875,False,875,False
ILSVRC2012_val_00007362.png,876,876,514,True,514,True,876,False,876,False,876,False,876,False,876,False,876,False,876,False,876,False
ILSVRC2012_val_00013218.png,877,877,7,True,877,False,843,True,877,False,843,True,877,False,7,True,877,False,877,False,877,False
ILSVRC2012_val_00002459.png,878,878,787,True,787,True,787,True,533,True,878,False,533,True,878,False,878,False,878,False,878,False
ILSVRC2012_val_00044306.png,879,879,688,True,879,False,688,True,688,True,879,False,879,False,879,False,879,False,879,False,879,False
ILSVRC2012_val_00017127.png,880,880,656,True,880,False,880,False,880,False,880,False,880,False,880,False,880,False,880,False,880,False
ILSVRC2012_val_00016269.png,881,881,647,True,881,False,881,False,881,False,881,False,881,False,881,False,881,False,881,False,881,False
ILSVRC2012_val_00030586.png,882,882,580,True,882,False,882,False,882,False,882,False,882,False,882,False,882,False,882,False,882,False
ILSVRC2012_val_00047419.png,883,883,315,True,883,False,883,False,883,False,883,False,883,False,883,False,883,False,883,False,883,False
ILSVRC2012_val_00031592.png,884,884,795,True,726,True,884,False,726,True,726,True,726,True,884,False,884,False,726,True,884,False
ILSVRC2012_val_00019945.png,885,885,498,True,885,False,885,False,885,False,885,False,885,False,885,False,885,False,885,False,885,False
ILSVRC2012_val_00025160.png,886,886,111,True,886,False,886,False,886,False,886,False,886,False,114,True,886,False,886,False,886,False
ILSVRC2012_val_00007841.png,887,887,801,True,887,False,887,False,887,False,761,True,887,False,1000,True,887,False,887,False,887,False
ILSVRC2012_val_00003578.png,888,888,855,True,888,False,888,False,888,False,888,False,888,False,888,False,888,False,888,False,888,False
ILSVRC2012_val_00012169.png,889,889,507,True,889,False,889,False,889,False,889,False,889,False,889,False,889,False,889,False,889,False
ILSVRC2012_val_00036991.png,890,890,759,True,890,False,559,True,890,False,765,True,559,True,890,False,890,False,890,False,890,False
ILSVRC2012_val_00021825.png,891,891,431,True,891,False,891,False,891,False,891,False,891,False,891,False,891,False,891,False,891,False
ILSVRC2012_val_00040911.png,892,892,892,False,892,False,892,False,892,False,892,False,892,False,892,False,892,False,892,False,892,False
ILSVRC2012_val_00030330.png,893,893,754,True,893,False,893,False,893,False,893,False,893,False,893,False,893,False,893,False,893,False
ILSVRC2012_val_00016256.png,894,894,749,True,894,False,894,False,894,False,894,False,894,False,894,False,894,False,894,False,894,False
ILSVRC2012_val_00005087.png,895,895,463,True,592,True,895,False,468,True,435,True,435,True,435,True,895,False,895,False,895,False
ILSVRC2012_val_00020759.png,896,896,85,True,896,False,896,False,896,False,896,False,896,False,896,False,896,False,896,False,896,False
ILSVRC2012_val_00013523.png,897,897,701,True,897,False,897,False,897,False,897,False,897,False,897,False,897,False,897,False,897,False
ILSVRC2012_val_00049921.png,898,898,636,True,898,False,898,False,898,False,898,False,898,False,898,False,898,False,898,False,898,False
ILSVRC2012_val_00014215.png,899,899,530,True,899,False,899,False,899,False,899,False,899,False,899,False,899,False,899,False,899,False
ILSVRC2012_val_00043815.png,900,900,722,True,850,True,850,True,850,True,850,True,850,True,850,True,900,False,506,True,900,False
ILSVRC2012_val_00037082.png,901,901,901,False,901,False,901,False,901,False,901,False,901,False,901,False,901,False,901,False,901,False
ILSVRC2012_val_00042683.png,902,902,654,True,902,False,902,False,902,False,902,False,902,False,902,False,902,False,902,False,902,False
ILSVRC2012_val_00039649.png,903,903,873,True,873,True,903,False,903,False,873,True,903,False,903,False,903,False,903,False,903,False
ILSVRC2012_val_00006204.png,904,904,679,True,904,False,679,True,904,False,679,True,679,True,904,False,904,False,904,False,904,False
ILSVRC2012_val_00011364.png,905,905,319,True,905,False,905,False,905,False,905,False,905,False,319,True,905,False,905,False,905,False
ILSVRC2012_val_00041315.png,906,906,791,True,905,True,906,False,906,False,905,True,906,False,905,True,906,False,906,False,906,False
ILSVRC2012_val_00005652.png,907,907,479,True,592,True,400,True,907,False,701,True,907,False,701,True,907,False,907,False,907,False
ILSVRC2012_val_00016360.png,908,908,846,True,632,True,908,False,908,False,908,False,908,False,908,False,908,False,441,True,908,False
ILSVRC2012_val_00029081.png,909,909,110,True,909,False,909,False,909,False,405,True,909,False,909,False,909,False,909,False,909,False
ILSVRC2012_val_00003240.png,910,910,969,True,568,True,522,True,910,False,568,True,910,False,568,True,910,False,910,False,910,False
ILSVRC2012_val_00008796.png,911,911,911,False,911,False,911,False,911,False,911,False,911,False,911,False,911,False,911,False,911,False
ILSVRC2012_val_00035088.png,912,912,945,True,912,False,912,False,912,False,912,False,912,False,912,False,912,False,912,False,912,False
ILSVRC2012_val_00026143.png,913,913,647,True,913,False,913,False,913,False,913,False,913,False,913,False,913,False,913,False,913,False
ILSVRC2012_val_00042772.png,914,914,52,True,914,False,914,False,914,False,914,False,914,False,914,False,914,False,914,False,914,False
ILSVRC2012_val_00044801.png,915,915,725,True,781,True,781,True,781,True,915,False,781,True,725,True,119,True,915,False,915,False
ILSVRC2012_val_00000839.png,916,916,563,True,916,False,916,False,916,False,916,False,916,False,916,False,916,False,916,False,916,False
ILSVRC2012_val_00028582.png,917,917,920,True,550,True,917,False,917,False,917,False,917,False,917,False,917,False,917,False,917,False
ILSVRC2012_val_00012581.png,918,918,488,True,550,True,918,False,612,True,918,False,612,True,918,False,918,False,918,False,918,False
ILSVRC2012_val_00004799.png,919,919,919,False,919,False,919,False,919,False,919,False,919,False,919,False,919,False,919,False,919,False
ILSVRC2012_val_00036374.png,920,920,881,True,920,False,920,False,920,False,920,False,920,False,920,False,920,False,920,False,920,False
ILSVRC2012_val_00041032.png,921,921,725,True,921,False,921,False,921,False,921,False,921,False,921,False,921,False,921,False,921,False
ILSVRC2012_val_00009121.png,922,922,425,True,922,False,861,True,425,True,922,False,918,True,425,True,922,False,922,False,922,False
ILSVRC2012_val_00037378.png,923,918,127,True,917,True,696,True,72,True,917,True,923,False,923,False,72,True,923,False,922,True
ILSVRC2012_val_00003935.png,924,924,884,True,961,True,929,True,924,False,924,False,77,True,924,False,924,False,924,False,924,False
ILSVRC2012_val_00041996.png,925,925,938,True,925,False,925,False,925,False,925,False,925,False,925,False,925,False,925,False,925,False
ILSVRC2012_val_00017524.png,926,926,810,True,926,False,926,False,926,False,926,False,926,False,926,False,926,False,926,False,926,False
ILSVRC2012_val_00007171.png,927,927,925,True,925,True,829,True,125,True,125,True,125,True,925,True,927,False,522,True,470,True
ILSVRC2012_val_00006755.png,928,928,185,True,928,False,928,False,928,False,928,False,928,False,928,False,928,False,928,False,928,False
ILSVRC2012_val_00004495.png,929,929,939,True,939,True,939,True,939,True,939,True,936,True,912,True,936,True,929,False,929,False
ILSVRC2012_val_00048328.png,930,930,420,True,930,False,420,True,930,False,930,False,930,False,930,False,930,False,930,False,930,False
ILSVRC2012_val_00005025.png,931,931,966,True,963,True,963,True,963,True,963,True,963,True,963,True,963,True,963,True,931,False
ILSVRC2012_val_00043248.png,932,932,933,True,932,False,932,False,932,False,932,False,932,False,932,False,932,False,932,False,932,False
ILSVRC2012_val_00038744.png,933,933,113,True,328,True,328,True,328,True,328,True,933,False,328,True,933,False,933,False,933,False
ILSVRC2012_val_00004041.png,934,934,851,True,935,True,934,False,934,False,934,False,934,False,934,False,934,False,934,False,934,False
ILSVRC2012_val_00003930.png,935,935,592,True,935,False,935,False,935,False,935,False,935,False,935,False,935,False,935,False,935,False
ILSVRC2012_val_00042589.png,936,936,315,True,939,True,960,True,960,True,660,True,939,True,660,True,936,False,936,False,936,False
ILSVRC2012_val_00037102.png,937,937,956,True,937,False,937,False,937,False,937,False,937,False,937,False,937,False,937,False,937,False
ILSVRC2012_val_00038518.png,938,938,938,False,938,False,938,False,938,False,938,False,938,False,938,False,938,False,938,False,938,False
ILSVRC2012_val_00007774.png,939,939,939,False,939,False,939,False,939,False,939,False,939,False,939,False,939,False,939,False,939,False
ILSVRC2012_val_00017362.png,940,940,670,True,940,False,940,False,940,False,940,False,940,False,940,False,940,False,940,False,940,False
ILSVRC2012_val_00021629.png,941,941,965,True,965,True,941,False,941,False,941,False,941,False,941,False,941,False,941,False,941,False
ILSVRC2012_val_00024232.png,942,942,600,True,942,False,964,True,964,True,964,True,964,True,545,True,942,False,942,False,942,False
ILSVRC2012_val_00038404.png,943,943,943,False,943,False,943,False,943,False,943,False,943,False,943,False,943,False,943,False,943,False
ILSVRC2012_val_00022886.png,944,944,990,True,944,False,946,True,946,True,944,False,953,True,946,True,944,False,944,False,944,False
ILSVRC2012_val_00035395.png,945,945,947,True,945,False,945,False,945,False,945,False,945,False,945,False,945,False,945,False,945,False
ILSVRC2012_val_00027571.png,946,946,185,True,912,True,912,True,912,True,912,True,912,True,974,True,954,True,946,False,946,False
ILSVRC2012_val_00011027.png,947,947,945,True,947,False,947,False,947,False,947,False,947,False,947,False,947,False,947,False,947,False
ILSVRC2012_val_00048066.png,948,948,28,True,998,True,948,False,948,False,7,True,7,True,948,False,998,True,998,True,948,False
ILSVRC2012_val_00016141.png,949,936,935,True,667,True,505,True,697,True,817,True,853,True,911,True,949,False,949,False,949,False
ILSVRC2012_val_00031440.png,950,950,938,True,950,False,950,False,950,False,950,False,950,False,950,False,950,False,950,False,950,False
ILSVRC2012_val_00045114.png,951,951,117,True,951,False,951,False,951,False,951,False,951,False,951,False,951,False,951,False,951,False
ILSVRC2012_val_00001671.png,952,952,951,True,952,False,951,True,951,True,951,True,951,True,952,False,952,False,952,False,952,False
ILSVRC2012_val_00007013.png,953,953,779,True,991,True,953,False,932,True,953,False,953,False,953,False,953,False,953,False,953,False
ILSVRC2012_val_00004198.png,954,954,955,True,954,False,954,False,954,False,954,False,954,False,954,False,954,False,954,False,954,False
ILSVRC2012_val_00009227.png,955,955,435,True,110,True,951,True,110,True,932,True,110,True,460,True,955,False,955,False,955,False
ILSVRC2012_val_00048159.png,956,956,956,False,956,False,956,False,956,False,956,False,956,False,956,False,956,False,956,False,956,False
ILSVRC2012_val_00002644.png,957,957,223,True,227,True,851,True,957,False,912,True,612,True,266,True,957,False,957,False,957,False
ILSVRC2012_val_00010111.png,958,958,435,True,958,False,958,False,958,False,958,False,958,False,958,False,958,False,958,False,958,False
ILSVRC2012_val_00011427.png,959,959,647,True,647,True,647,True,647,True,647,True,647,True,647,True,647,True,959,False,959,False
ILSVRC2012_val_00013472.png,960,960,126,True,960,False,960,False,960,False,960,False,119,True,960,False,960,False,960,False,960,False
ILSVRC2012_val_00004935.png,961,961,680,True,961,False,961,False,961,False,961,False,961,False,961,False,961,False,961,False,961,False
ILSVRC2012_val_00032598.png,962,962,869,True,862,True,810,True,869,True,869,True,810,True,869,True,962,False,962,False,962,False
ILSVRC2012_val_00008075.png,963,963,969,True,924,True,125,True,125,True,125,True,869,True,125,True,963,False,963,False,963,False
ILSVRC2012_val_00015007.png,964,964,810,True,964,False,964,False,964,False,964,False,964,False,964,False,964,False,964,False,964,False
ILSVRC2012_val_00030875.png,965,568,470,True,545,True,568,True,545,True,965,False,964,True,965,False,965,False,965,False,965,False
ILSVRC2012_val_00010112.png,966,966,886,True,435,True,592,True,966,False,435,True,966,False,592,True,966,False,966,False,966,False
ILSVRC2012_val_00049309.png,967,967,442,True,605,True,442,True,967,False,967,False,967,False,442,True,442,True,967,False,967,False
ILSVRC2012_val_00028396.png,968,968,798,True,968,False,968,False,679,True,968,False,968,False,968,False,968,False,968,False,968,False
ILSVRC2012_val_00045302.png,969,969,701,True,969,False,969,False,969,False,969,False,506,True,969,False,506,True,969,False,969,False
ILSVRC2012_val_00019012.png,970,970,862,True,970,False,910,True,927,True,910,True,910,True,927,True,970,False,970,False,970,False
ILSVRC2012_val_00001292.png,971,971,83,True,971,False,971,False,971,False,971,False,971,False,971,False,971,False,971,False,971,False
ILSVRC2012_val_00010016.png,972,972,972,False,972,False,972,False,972,False,972,False,972,False,972,False,972,False,972,False,972,False
ILSVRC2012_val_00047843.png,973,973,110,True,973,False,973,False,973,False,973,False,973,False,973,False,973,False,973,False,973,False
ILSVRC2012_val_00015661.png,974,974,840,True,974,False,396,True,825,True,971,True,971,True,392,True,974,False,974,False,974,False
ILSVRC2012_val_00035544.png,975,975,981,True,975,False,981,True,975,False,975,False,981,True,975,False,975,False,975,False,975,False
ILSVRC2012_val_00003311.png,976,976,526,True,976,False,976,False,976,False,526,True,461,True,526,True,976,False,976,False,976,False
ILSVRC2012_val_00017332.png,977,977,601,True,981,True,981,True,981,True,981,True,977,False,981,True,52,True,789,True,977,False
ILSVRC2012_val_00047284.png,978,978,249,True,538,True,978,False,978,False,978,False,978,False,978,False,978,False,978,False,978,False
ILSVRC2012_val_00015471.png,979,979,7,True,978,True,978,True,978,True,978,True,978,True,978,True,978,True,978,True,978,True
ILSVRC2012_val_00005742.png,980,980,612,True,980,False,973,True,980,False,980,False,980,False,980,False,980,False,980,False,980,False
ILSVRC2012_val_00037959.png,981,981,749,True,460,True,116,True,612,True,113,True,108,True,113,True,981,False,981,False,981,False
ILSVRC2012_val_00005037.png,982,982,344,True,982,False,982,False,982,False,982,False,982,False,982,False,982,False,982,False,430,True
ILSVRC2012_val_00006006.png,983,983,113,True,983,False,983,False,983,False,983,False,983,False,983,False,983,False,983,False,983,False
ILSVRC2012_val_00027675.png,984,984,110,True,984,False,984,False,984,False,984,False,984,False,984,False,984,False,984,False,984,False
ILSVRC2012_val_00002321.png,985,985,985,False,985,False,985,False,985,False,985,False,985,False,985,False,985,False,985,False,985,False
ILSVRC2012_val_00010143.png,986,986,88,True,986,False,986,False,986,False,986,False,986,False,986,False,986,False,986,False,986,False
ILSVRC2012_val_00047346.png,987,987,987,False,987,False,987,False,987,False,987,False,987,False,987,False,987,False,987,False,987,False
ILSVRC2012_val_00048526.png,988,988,936,True,988,False,988,False,954,True,936,True,936,True,936,True,936,True,988,False,988,False
ILSVRC2012_val_00012754.png,989,989,114,True,114,True,114,True,114,True,114,True,114,True,114,True,989,False,114,True,989,False
ILSVRC2012_val_00006512.png,990,990,958,True,958,True,958,True,958,True,958,True,958,True,958,True,990,False,990,False,990,False
ILSVRC2012_val_00045215.png,991,991,329,True,991,False,991,False,991,False,991,False,991,False,991,False,991,False,991,False,991,False
ILSVRC2012_val_00044046.png,992,992,54,True,992,False,992,False,992,False,992,False,992,False,992,False,992,False,992,False,992,False
ILSVRC2012_val_00047343.png,993,993,113,True,993,False,993,False,993,False,993,False,993,False,993,False,993,False,993,False,993,False
ILSVRC2012_val_00042619.png,994,994,364,True,994,False,994,False,994,False,994,False,994,False,994,False,994,False,994,False,994,False
ILSVRC2012_val_00029762.png,995,995,620,True,998,True,995,False,996,True,948,True,995,False,996,True,995,False,995,False,995,False
ILSVRC2012_val_00004629.png,996,996,114,True,996,False,996,False,996,False,996,False,996,False,996,False,996,False,996,False,996,False
ILSVRC2012_val_00020929.png,997,997,994,True,997,False,997,False,997,False,997,False,110,True,997,False,997,False,997,False,997,False
ILSVRC2012_val_00025648.png,998,998,948,True,948,True,948,True,998,False,948,True,998,False,998,False,998,False,998,False,998,False
ILSVRC2012_val_00000412.png,999,999,701,True,999,False,999,False,999,False,999,False,999,False,999,False,999,False,999,False,999,False
ILSVRC2012_val_00041747.png,1000,1000,701,True,517,True,1000,False,1000,False,1000,False,1000,False,1000,False,1000,False,1000,False,1000,False
